Rank,NodeID,Score,Status
1,107,0.171193,Seed
2,0,0.170562,Seed
3,414,0.170556,Seed
4,348,0.17043,Seed
5,686,0.16982,Seed
6,563,0.000523748,Suspicious
7,561,0.00041233,Suspicious
8,566,0.000395449,Suspicious
9,559,0.000392495,Suspicious
10,553,0.000387852,Suspicious
11,567,0.000377723,Suspicious
12,475,0.000361264,Suspicious
13,544,0.000357466,Suspicious
14,853,0.000353667,Suspicious
15,556,0.000348603,Suspicious
16,542,0.000344382,Suspicious
17,524,0.000343116,Suspicious
18,483,0.000334676,Suspicious
19,513,0.000330877,Suspicious
20,465,0.000328767,Suspicious
21,492,0.000322014,Suspicious
22,681,0.00032117,Suspicious
23,428,0.00032117,Suspicious
24,514,0.000320326,Suspicious
25,431,0.000311886,Suspicious
26,651,0.000311886,Suspicious
27,422,0.000311464,Suspicious
28,558,0.000311041,Suspicious
29,496,0.000311041,Suspicious
30,500,0.000310619,Suspicious
31,506,0.000308931,Suspicious
32,434,0.000308931,Suspicious
33,423,0.000308509,Suspicious
34,680,0.000301335,Suspicious
35,515,0.000299646,Suspicious
36,438,0.000297536,Suspicious
37,436,0.000295848,Suspicious
38,461,0.000295426,Suspicious
39,682,0.00029416,Suspicious
40,480,0.000293316,Suspicious
41,427,0.000292894,Suspicious
42,833,0.000286563,Suspicious
43,828,0.000285297,Suspicious
44,678,0.000276856,Suspicious
45,683,0.000276434,Suspicious
46,675,0.000273902,Suspicious
47,637,0.000269682,Suspicious
48,580,0.000265039,Suspicious
49,684,0.000257443,Suspicious
50,849,0.000256599,Suspicious
51,606,0.000256599,Suspicious
52,670,0.000254066,Suspicious
53,645,0.000248158,Suspicious
54,685,0.000245204,Suspicious
55,856,0.000243516,Suspicious
56,830,0.000241827,Suspicious
57,644,0.000240561,Suspicious
58,848,0.000238873,Suspicious
59,666,0.000235919,Suspicious
60,654,0.000234653,Suspicious
61,829,0.000233809,Suspicious
62,827,0.000232965,Suspicious
63,641,0.00023212,Suspicious
64,646,0.000231276,Suspicious
65,665,0.000230432,Suspicious
66,842,0.00023001,Suspicious
67,664,0.000229166,Suspicious
68,604,0.000228744,Suspicious
69,839,0.000226634,Suspicious
70,630,0.000226212,Suspicious
71,834,0.000224102,Suspicious
72,662,0.00022368,Suspicious
73,591,0.00022368,Suspicious
74,671,0.000223258,Suspicious
75,677,0.000222414,Suspicious
76,653,0.000222414,Suspicious
77,840,0.00022157,Suspicious
78,822,0.000220725,Suspicious
79,676,0.000220303,Suspicious
80,669,0.000220303,Suspicious
81,643,0.000218615,Suspicious
82,596,0.000218193,Suspicious
83,659,0.000217771,Suspicious
84,614,0.000215661,Suspicious
85,636,0.000215239,Suspicious
86,661,0.000214395,Suspicious
87,619,0.000213129,Suspicious
88,647,0.000212285,Suspicious
89,642,0.000211019,Suspicious
90,650,0.000209753,Suspicious
91,629,0.000209753,Suspicious
92,847,0.000208908,Suspicious
93,557,0.000208908,Suspicious
94,806,0.00020722,Suspicious
95,609,0.000206376,Suspicious
96,823,0.00020511,Suspicious
97,824,0.000204266,Suspicious
98,601,0.000203844,Suspicious
99,649,0.000203422,Suspicious
100,850,0.000202156,Suspicious
101,657,0.000202156,Suspicious
102,805,0.000201734,Suspicious
103,640,0.000201734,Suspicious
104,639,0.000201734,Suspicious
105,663,0.000201312,Suspicious
106,809,0.00020089,Suspicious
107,658,0.00020089,Suspicious
108,679,0.000200468,Suspicious
109,770,0.000200046,Suspicious
110,820,0.000199624,Suspicious
111,587,0.000199202,Suspicious
112,837,0.000198358,Suspicious
113,818,0.000198358,Suspicious
114,634,0.000197935,Suspicious
115,633,0.000196669,Suspicious
116,617,0.000196669,Suspicious
117,610,0.000196669,Suspicious
118,795,0.000196247,Suspicious
119,622,0.000196247,Suspicious
120,532,0.000195403,Suspicious
121,623,0.000194559,Suspicious
122,570,0.000194559,Suspicious
123,814,0.000194137,Suspicious
124,784,0.000194137,Suspicious
125,631,0.000194137,Suspicious
126,600,0.000194137,Suspicious
127,817,0.000193715,Suspicious
128,800,0.000193715,Suspicious
129,766,0.000193715,Suspicious
130,819,0.000192871,Suspicious
131,781,0.000192871,Suspicious
132,655,0.000192449,Suspicious
133,620,0.000192449,Suspicious
134,838,0.000192027,Suspicious
135,632,0.000191605,Suspicious
136,538,0.000191605,Suspicious
137,855,0.000191183,Suspicious
138,628,0.000191183,Suspicious
139,588,0.000191183,Suspicious
140,836,0.000190761,Suspicious
141,621,0.000190761,Suspicious
142,618,0.000190339,Suspicious
143,517,0.000190339,Suspicious
144,616,0.000189495,Suspicious
145,605,0.000189073,Suspicious
146,597,0.000189073,Suspicious
147,576,0.000189073,Suspicious
148,660,0.000188651,Suspicious
149,603,0.000188651,Suspicious
150,593,0.000188651,Suspicious
151,590,0.000188651,Suspicious
152,635,0.000188229,Suspicious
153,585,0.000188229,Suspicious
154,845,0.000187385,Suspicious
155,797,0.000187385,Suspicious
156,625,0.000187385,Suspicious
157,612,0.000187385,Suspicious
158,668,0.000186963,Suspicious
159,667,0.000186963,Suspicious
160,815,0.00018654,Suspicious
161,627,0.00018654,Suspicious
162,813,0.000186118,Suspicious
163,574,0.000186118,Suspicious
164,594,0.000185696,Suspicious
165,835,0.000185274,Suspicious
166,672,0.000185274,Suspicious
167,789,0.00018443,Suspicious
168,608,0.00018443,Suspicious
169,656,0.000184008,Suspicious
170,803,0.000183586,Suspicious
171,673,0.000183586,Suspicious
172,782,0.000183164,Suspicious
173,624,0.000183164,Suspicious
174,583,0.000183164,Suspicious
175,611,0.000182742,Suspicious
176,602,0.00018232,Suspicious
177,771,0.000181476,Suspicious
178,615,0.000181054,Suspicious
179,648,0.000180632,Suspicious
180,586,0.000180632,Suspicious
181,787,0.000179788,Suspicious
182,757,0.000179788,Suspicious
183,674,0.000179788,Suspicious
184,322,0.000179788,Suspicious
185,780,0.000179366,Suspicious
186,774,0.000179366,Suspicious
187,555,0.000179366,Suspicious
188,832,0.000178944,Suspicious
189,846,0.0001781,Suspicious
190,783,0.0001781,Suspicious
191,584,0.0001781,Suspicious
192,626,0.000177256,Suspicious
193,747,0.00017599,Suspicious
194,554,0.00017599,Suspicious
195,332,0.00017599,Suspicious
196,582,0.000175568,Suspicious
197,564,0.000175568,Suspicious
198,745,0.000175145,Suspicious
199,595,0.000175145,Suspicious
200,826,0.000174723,Suspicious
201,752,0.000174723,Suspicious
202,589,0.000174723,Suspicious
203,725,0.000174301,Suspicious
204,579,0.000174301,Suspicious
205,613,0.000173879,Suspicious
206,598,0.000173879,Suspicious
207,573,0.000173879,Suspicious
208,652,0.000173879,Suspicious
209,531,0.000173879,Suspicious
210,575,0.000173457,Suspicious
211,592,0.000173035,Suspicious
212,581,0.000171769,Suspicious
213,777,0.000171347,Suspicious
214,769,0.000170925,Suspicious
215,793,0.000170081,Suspicious
216,714,0.000170081,Suspicious
217,638,0.000169659,Suspicious
218,578,0.000169659,Suspicious
219,775,0.000169237,Suspicious
220,539,0.000169237,Suspicious
221,852,0.000168815,Suspicious
222,727,0.000168815,Suspicious
223,810,0.000168393,Suspicious
224,711,0.000168393,Suspicious
225,831,0.000167971,Suspicious
226,796,0.000167971,Suspicious
227,791,0.000167971,Suspicious
228,543,0.000167971,Suspicious
229,527,0.000167971,Suspicious
230,760,0.000167549,Suspicious
231,501,0.000167549,Suspicious
232,844,0.000167127,Suspicious
233,724,0.000167127,Suspicious
234,484,0.000167127,Suspicious
235,807,0.000166705,Suspicious
236,786,0.000166705,Suspicious
237,607,0.000166705,Suspicious
238,768,0.000166283,Suspicious
239,758,0.000166283,Suspicious
240,744,0.000165861,Suspicious
241,577,0.000165861,Suspicious
242,746,0.000164595,Suspicious
243,497,0.000164595,Suspicious
244,715,0.000164172,Suspicious
245,460,0.000164172,Suspicious
246,811,0.00016375,Suspicious
247,808,0.00016375,Suspicious
248,703,0.00016375,Suspicious
249,525,0.00016375,Suspicious
250,816,0.000163328,Suspicious
251,779,0.000163328,Suspicious
252,778,0.000163328,Suspicious
253,719,0.000163328,Suspicious
254,572,0.000163328,Suspicious
255,792,0.000162906,Suspicious
256,788,0.000162906,Suspicious
257,773,0.000162906,Suspicious
258,764,0.000162906,Suspicious
259,728,0.000162906,Suspicious
260,547,0.000162906,Suspicious
261,802,0.000162484,Suspicious
262,702,0.000162484,Suspicious
263,695,0.000162484,Suspicious
264,545,0.000162484,Suspicious
265,843,0.000162062,Suspicious
266,755,0.000162062,Suspicious
267,548,0.00016164,Suspicious
268,738,0.000161218,Suspicious
269,734,0.000161218,Suspicious
270,750,0.000160796,Suspicious
271,551,0.000160796,Suspicious
272,841,0.000160374,Suspicious
273,772,0.000159952,Suspicious
274,710,0.000159952,Suspicious
275,759,0.00015953,Suspicious
276,736,0.00015953,Suspicious
277,732,0.00015953,Suspicious
278,568,0.00015953,Suspicious
279,821,0.000159108,Suspicious
280,794,0.000159108,Suspicious
281,761,0.000158686,Suspicious
282,751,0.000158686,Suspicious
283,718,0.000158686,Suspicious
284,688,0.000158686,Suspicious
285,565,0.000158686,Suspicious
286,560,0.000158686,Suspicious
287,701,0.000158264,Suspicious
288,526,0.000158264,Suspicious
289,825,0.000157842,Suspicious
290,798,0.000157842,Suspicious
291,748,0.000157842,Suspicious
292,699,0.000157842,Suspicious
293,346,0.000157842,Suspicious
294,329,0.000157842,Suspicious
295,854,0.00015742,Suspicious
296,765,0.000156576,Suspicious
297,754,0.000156576,Suspicious
298,722,0.000156576,Suspicious
299,599,0.000156576,Suspicious
300,753,0.000156154,Suspicious
301,756,0.000155732,Suspicious
302,741,0.000155732,Suspicious
303,713,0.000155732,Suspicious
304,689,0.000154888,Suspicious
305,723,0.000154466,Suspicious
306,730,0.000154044,Suspicious
307,707,0.000154044,Suspicious
308,749,0.000153622,Suspicious
309,785,0.0001532,Suspicious
310,518,0.0001532,Suspicious
311,812,0.000152777,Suspicious
312,804,0.000152355,Suspicious
313,503,0.000152355,Suspicious
314,498,0.000151933,Suspicious
315,851,0.000151511,Suspicious
316,801,0.000151511,Suspicious
317,743,0.000151511,Suspicious
318,520,0.000151511,Suspicious
319,733,0.000151089,Suspicious
320,552,0.000151089,Suspicious
321,516,0.000150245,Suspicious
322,366,0.000150245,Suspicious
323,740,0.000149823,Suspicious
324,762,0.000149401,Suspicious
325,739,0.000149401,Suspicious
326,799,0.000148135,Suspicious
327,493,0.000148135,Suspicious
328,742,0.000147713,Suspicious
329,698,0.000147713,Suspicious
330,507,0.000147713,Suspicious
331,763,0.000147291,Suspicious
332,716,0.000147291,Suspicious
333,712,0.000147291,Suspicious
334,708,0.000147291,Suspicious
335,691,0.000147291,Suspicious
336,315,0.000147291,Suspicious
337,731,0.000146869,Suspicious
338,694,0.000146869,Suspicious
339,693,0.000146869,Suspicious
340,790,0.000146447,Suspicious
341,709,0.000146447,Suspicious
342,312,0.000146447,Suspicious
343,692,0.000146025,Suspicious
344,474,0.000146025,Suspicious
345,726,0.000145603,Suspicious
346,420,0.000145181,Suspicious
347,697,0.000144759,Suspicious
348,502,0.000144337,Suspicious
349,705,0.000143915,Suspicious
350,376,0.000143915,Suspicious
351,523,0.000143493,Suspicious
352,729,0.000143071,Suspicious
353,481,0.000143071,Suspicious
354,706,0.000142649,Suspicious
355,569,0.000142649,Suspicious
356,521,0.000142649,Suspicious
357,767,0.000142227,Suspicious
358,546,0.000142227,Suspicious
359,537,0.000142227,Suspicious
360,342,0.000142227,Suspicious
361,717,0.000141805,Suspicious
362,704,0.000141382,Suspicious
363,696,0.000141382,Suspicious
364,737,0.000140538,Suspicious
365,504,0.000140116,Suspicious
366,700,0.000139694,Suspicious
367,536,0.000139272,Suspicious
368,339,0.000139272,Suspicious
369,432,0.00013885,Suspicious
370,1025,0.00013885,Suspicious
371,735,0.000138428,Suspicious
372,528,0.000138428,Suspicious
373,472,0.000138428,Suspicious
374,343,0.000138428,Suspicious
375,509,0.000137584,Suspicious
376,476,0.000137162,Suspicious
377,511,0.00013674,Suspicious
378,519,0.000136318,Suspicious
379,510,0.000136318,Suspicious
380,495,0.000136318,Suspicious
381,387,0.000136318,Suspicious
382,471,0.000135896,Suspicious
383,721,0.000135474,Suspicious
384,323,0.00013463,Suspicious
385,776,0.000134208,Suspicious
386,486,0.000134208,Suspicious
387,720,0.000133786,Suspicious
388,690,0.000132942,Suspicious
389,489,0.000132942,Suspicious
390,369,0.000132942,Suspicious
391,359,0.00013252,Suspicious
392,494,0.000131676,Suspicious
393,455,0.000131676,Suspicious
394,383,0.000131676,Suspicious
395,473,0.000131254,Suspicious
396,463,0.000131254,Suspicious
397,353,0.000130832,Suspicious
398,533,0.00013041,Suspicious
399,418,0.00013041,Suspicious
400,408,0.00013041,Suspicious
401,441,0.00013041,Suspicious
402,389,0.00013041,Suspicious
403,541,0.000129565,Suspicious
404,479,0.000129565,Suspicious
405,324,0.000129143,Suspicious
406,410,0.000128721,Suspicious
407,687,0.000127877,Suspicious
408,508,0.000127877,Suspicious
409,488,0.000127877,Suspicious
410,404,0.000127877,Suspicious
411,398,0.000127877,Suspicious
412,456,0.000127455,Suspicious
413,363,0.000127455,Suspicious
414,397,0.000127033,Suspicious
415,285,0.000127033,Suspicious
416,449,0.000126611,Suspicious
417,396,0.000126611,Suspicious
418,452,0.000126189,Suspicious
419,433,0.000126189,Suspicious
420,355,0.000126189,Suspicious
421,468,0.000125767,Suspicious
422,334,0.000125767,Suspicious
423,325,0.000125767,Suspicious
424,540,0.000125345,Suspicious
425,522,0.000125345,Suspicious
426,459,0.000125345,Suspicious
427,413,0.000125345,Suspicious
428,478,0.000124923,Suspicious
429,562,0.000124501,Suspicious
430,446,0.000124501,Suspicious
431,390,0.000124501,Suspicious
432,239,0.000124501,Suspicious
433,464,0.000123657,Suspicious
434,530,0.000123235,Suspicious
435,469,0.000123235,Suspicious
436,426,0.000123235,Suspicious
437,358,0.000123235,Suspicious
438,364,0.000123235,Suspicious
439,458,0.000122813,Suspicious
440,399,0.000122391,Suspicious
441,450,0.000121969,Suspicious
442,442,0.000121969,Suspicious
443,401,0.000121969,Suspicious
444,512,0.000121547,Suspicious
445,491,0.000121547,Suspicious
446,411,0.000121547,Suspicious
447,379,0.000121125,Suspicious
448,252,0.000121125,Suspicious
449,550,0.000120703,Suspicious
450,487,0.000120703,Suspicious
451,470,0.000120703,Suspicious
452,445,0.000120703,Suspicious
453,407,0.000120281,Suspicious
454,368,0.000120281,Suspicious
455,357,0.000120281,Suspicious
456,277,0.000120281,Suspicious
457,457,0.000119859,Suspicious
458,320,0.000119859,Suspicious
459,382,0.000119437,Suspicious
460,380,0.000119437,Suspicious
461,378,0.000119437,Suspicious
462,373,0.000119437,Suspicious
463,409,0.000119015,Suspicious
464,374,0.000119015,Suspicious
465,354,0.000119015,Suspicious
466,549,0.000119015,Suspicious
467,381,0.000118592,Suspicious
468,375,0.000118592,Suspicious
469,367,0.000118592,Suspicious
470,462,0.00011817,Suspicious
471,451,0.00011817,Suspicious
472,421,0.00011817,Suspicious
473,377,0.00011817,Suspicious
474,482,0.000117748,Suspicious
475,437,0.000117748,Suspicious
476,403,0.000117748,Suspicious
477,259,0.000117748,Suspicious
478,529,0.000117326,Suspicious
479,440,0.000117326,Suspicious
480,400,0.000117326,Suspicious
481,271,0.000117326,Suspicious
482,535,0.000116904,Suspicious
483,490,0.000116904,Suspicious
484,453,0.000116904,Suspicious
485,419,0.000116904,Suspicious
486,350,0.000116904,Suspicious
487,454,0.000116482,Suspicious
488,435,0.000116482,Suspicious
489,384,0.000116482,Suspicious
490,328,0.000116482,Suspicious
491,313,0.000116482,Suspicious
492,412,0.00011606,Suspicious
493,534,0.000115638,Suspicious
494,505,0.000115638,Suspicious
495,417,0.000115638,Suspicious
496,393,0.000115638,Suspicious
497,467,0.000115216,Suspicious
498,392,0.000115216,Suspicious
499,386,0.000114794,Suspicious
500,372,0.000114794,Suspicious
501,485,0.000114372,Suspicious
502,444,0.00011395,Suspicious
503,371,0.00011395,Suspicious
504,365,0.00011395,Suspicious
505,356,0.00011395,Suspicious
506,405,0.000113528,Suspicious
507,391,0.000113528,Suspicious
508,385,0.000113528,Suspicious
509,447,0.000113106,Suspicious
510,430,0.000113106,Suspicious
511,429,0.000113106,Suspicious
512,571,0.000112684,Suspicious
513,424,0.000112684,Suspicious
514,415,0.000112684,Suspicious
515,370,0.000112684,Suspicious
516,360,0.000112684,Suspicious
517,304,0.000112684,Suspicious
518,425,0.000111418,Suspicious
519,439,0.000110996,Suspicious
520,395,0.000110152,Suspicious
521,349,0.000110152,Suspicious
522,443,0.00010973,Suspicious
523,402,0.00010973,Suspicious
524,394,0.00010973,Suspicious
525,499,0.000109308,Suspicious
526,466,0.000108464,Suspicious
527,477,0.000108042,Suspicious
528,406,0.000108042,Suspicious
529,278,0.000108042,Suspicious
530,260,0.000108042,Suspicious
531,416,0.00010762,Suspicious
532,280,0.00010762,Suspicious
533,272,0.00010762,Suspicious
534,448,0.000106353,Suspicious
535,227,0.000105509,Suspicious
536,326,0.000104665,Suspicious
537,388,0.000104243,Suspicious
538,351,0.000104243,Suspicious
539,219,0.000102977,Suspicious
540,361,0.000102555,Suspicious
541,291,0.000102555,Suspicious
542,330,0.000101711,Suspicious
543,179,0.000101711,Suspicious
544,352,0.000101289,Suspicious
545,331,0.000101289,Suspicious
546,362,0.000100867,Suspicious
547,200,0.000100867,Suspicious
548,171,0.000100867,Suspicious
549,265,0.000100023,Suspicious
550,297,9.96008e-05,Safe
551,337,9.91788e-05,Safe
552,249,9.87567e-05,Safe
553,169,9.87567e-05,Safe
554,264,9.83347e-05,Safe
555,319,9.79126e-05,Safe
556,275,9.74906e-05,Safe
557,263,9.74906e-05,Safe
558,296,9.70686e-05,Safe
559,347,9.66465e-05,Safe
560,1888,9.62245e-05,Safe
561,177,9.58025e-05,Safe
562,327,9.53804e-05,Safe
563,299,9.53804e-05,Safe
564,284,9.53804e-05,Safe
565,309,9.49584e-05,Safe
566,204,9.49584e-05,Safe
567,253,9.41143e-05,Safe
568,42,9.41143e-05,Safe
569,168,9.36923e-05,Safe
570,310,9.32702e-05,Safe
571,217,9.32702e-05,Safe
572,188,9.32702e-05,Safe
573,192,9.28482e-05,Safe
574,193,9.24262e-05,Safe
575,261,9.20041e-05,Safe
576,236,9.20041e-05,Safe
577,230,9.20041e-05,Safe
578,157,9.20041e-05,Safe
579,136,9.20041e-05,Safe
580,340,9.15821e-05,Safe
581,302,9.15821e-05,Safe
582,237,9.15821e-05,Safe
583,303,9.116e-05,Safe
584,140,9.116e-05,Safe
585,341,9.0738e-05,Safe
586,213,9.0738e-05,Safe
587,185,9.0738e-05,Safe
588,172,9.0738e-05,Safe
589,256,9.0316e-05,Safe
590,84,9.0316e-05,Safe
591,333,8.98939e-05,Safe
592,308,8.98939e-05,Safe
593,293,8.98939e-05,Safe
594,242,8.98939e-05,Safe
595,184,8.98939e-05,Safe
596,167,8.94719e-05,Safe
597,306,8.90499e-05,Safe
598,281,8.90499e-05,Safe
599,231,8.90499e-05,Safe
600,307,8.86278e-05,Safe
601,258,8.86278e-05,Safe
602,226,8.86278e-05,Safe
603,93,8.86278e-05,Safe
604,118,8.82058e-05,Safe
605,27,8.82058e-05,Safe
606,300,8.77838e-05,Safe
607,317,8.73617e-05,Safe
608,218,8.69397e-05,Safe
609,186,8.69397e-05,Safe
610,142,8.69397e-05,Safe
611,283,8.65176e-05,Safe
612,262,8.65176e-05,Safe
613,243,8.65176e-05,Safe
614,173,8.65176e-05,Safe
615,144,8.65176e-05,Safe
616,104,8.65176e-05,Safe
617,270,8.60956e-05,Safe
618,255,8.60956e-05,Safe
619,245,8.60956e-05,Safe
620,201,8.60956e-05,Safe
621,182,8.60956e-05,Safe
622,195,8.56736e-05,Safe
623,274,8.52515e-05,Safe
624,282,8.48295e-05,Safe
625,266,8.48295e-05,Safe
626,247,8.48295e-05,Safe
627,170,8.48295e-05,Safe
628,119,8.48295e-05,Safe
629,338,8.44075e-05,Safe
630,225,8.44075e-05,Safe
631,203,8.44075e-05,Safe
632,276,8.39854e-05,Safe
633,268,8.39854e-05,Safe
634,241,8.39854e-05,Safe
635,123,8.39854e-05,Safe
636,51,8.39854e-05,Safe
637,229,8.35634e-05,Safe
638,130,8.35634e-05,Safe
639,44,8.35634e-05,Safe
640,251,8.31413e-05,Safe
641,206,8.31413e-05,Safe
642,152,8.27193e-05,Safe
643,146,8.27193e-05,Safe
644,122,8.27193e-05,Safe
645,70,8.27193e-05,Safe
646,254,8.22973e-05,Safe
647,224,8.22973e-05,Safe
648,199,8.22973e-05,Safe
649,175,8.22973e-05,Safe
650,165,8.22973e-05,Safe
651,114,8.22973e-05,Safe
652,101,8.22973e-05,Safe
653,298,8.18752e-05,Safe
654,238,8.18752e-05,Safe
655,205,8.18752e-05,Safe
656,174,8.18752e-05,Safe
657,191,8.14532e-05,Safe
658,158,8.14532e-05,Safe
659,143,8.14532e-05,Safe
660,67,8.14532e-05,Safe
661,301,8.10312e-05,Safe
662,214,8.10312e-05,Safe
663,194,8.10312e-05,Safe
664,121,8.10312e-05,Safe
665,88,8.10312e-05,Safe
666,294,8.06091e-05,Safe
667,198,8.06091e-05,Safe
668,116,8.06091e-05,Safe
669,78,8.06091e-05,Safe
670,1844,8.01871e-05,Safe
671,197,8.01871e-05,Safe
672,163,8.01871e-05,Safe
673,154,8.01871e-05,Safe
674,139,8.01871e-05,Safe
675,64,8.01871e-05,Safe
676,6,8.01871e-05,Safe
677,232,7.9765e-05,Safe
678,211,7.9765e-05,Safe
679,187,7.9765e-05,Safe
680,124,7.9765e-05,Safe
681,68,7.9765e-05,Safe
682,273,7.9343e-05,Safe
683,135,7.9343e-05,Safe
684,132,7.9343e-05,Safe
685,111,7.9343e-05,Safe
686,98,7.9343e-05,Safe
687,318,7.8921e-05,Safe
688,286,7.8921e-05,Safe
689,189,7.8921e-05,Safe
690,115,7.8921e-05,Safe
691,69,7.8921e-05,Safe
692,11,7.8921e-05,Safe
693,279,7.84989e-05,Safe
694,162,7.84989e-05,Safe
695,147,7.84989e-05,Safe
696,87,7.84989e-05,Safe
697,71,7.84989e-05,Safe
698,66,7.84989e-05,Safe
699,25,7.84989e-05,Safe
700,345,7.80769e-05,Safe
701,290,7.80769e-05,Safe
702,269,7.80769e-05,Safe
703,164,7.80769e-05,Safe
704,145,7.80769e-05,Safe
705,72,7.80769e-05,Safe
706,41,7.80769e-05,Safe
707,295,7.76549e-05,Safe
708,221,7.76549e-05,Safe
709,102,7.76549e-05,Safe
710,80,7.76549e-05,Safe
711,76,7.76549e-05,Safe
712,74,7.76549e-05,Safe
713,61,7.76549e-05,Safe
714,7,7.76549e-05,Safe
715,235,7.72328e-05,Safe
716,222,7.72328e-05,Safe
717,180,7.72328e-05,Safe
718,105,7.72328e-05,Safe
719,52,7.72328e-05,Safe
720,19,7.72328e-05,Safe
721,314,7.68108e-05,Safe
722,228,7.68108e-05,Safe
723,155,7.68108e-05,Safe
724,85,7.68108e-05,Safe
725,65,7.68108e-05,Safe
726,24,7.68108e-05,Safe
727,202,7.63887e-05,Safe
728,17,7.63887e-05,Safe
729,248,7.59667e-05,Safe
730,210,7.59667e-05,Safe
731,151,7.59667e-05,Safe
732,137,7.59667e-05,Safe
733,57,7.59667e-05,Safe
734,54,7.59667e-05,Safe
735,48,7.59667e-05,Safe
736,36,7.59667e-05,Safe
737,34,7.59667e-05,Safe
738,33,7.59667e-05,Safe
739,344,7.55447e-05,Safe
740,288,7.55447e-05,Safe
741,250,7.55447e-05,Safe
742,216,7.55447e-05,Safe
743,156,7.55447e-05,Safe
744,120,7.55447e-05,Safe
745,113,7.55447e-05,Safe
746,112,7.55447e-05,Safe
747,109,7.55447e-05,Safe
748,95,7.55447e-05,Safe
749,59,7.55447e-05,Safe
750,39,7.55447e-05,Safe
751,148,7.51226e-05,Safe
752,99,7.51226e-05,Safe
753,96,7.51226e-05,Safe
754,31,7.51226e-05,Safe
755,176,7.47006e-05,Safe
756,94,7.47006e-05,Safe
757,40,7.47006e-05,Safe
758,26,7.47006e-05,Safe
759,20,7.47006e-05,Safe
760,257,7.42786e-05,Safe
761,223,7.42786e-05,Safe
762,129,7.42786e-05,Safe
763,90,7.42786e-05,Safe
764,83,7.42786e-05,Safe
765,63,7.42786e-05,Safe
766,12,7.42786e-05,Safe
767,10,7.42786e-05,Safe
768,9,7.42786e-05,Safe
769,2,7.42786e-05,Safe
770,1,7.42786e-05,Safe
771,246,7.38565e-05,Safe
772,244,7.38565e-05,Safe
773,220,7.38565e-05,Safe
774,166,7.38565e-05,Safe
775,161,7.38565e-05,Safe
776,100,7.38565e-05,Safe
777,97,7.38565e-05,Safe
778,79,7.38565e-05,Safe
779,58,7.38565e-05,Safe
780,45,7.38565e-05,Safe
781,32,7.38565e-05,Safe
782,22,7.38565e-05,Safe
783,215,7.34345e-05,Safe
784,160,7.34345e-05,Safe
785,60,7.34345e-05,Safe
786,47,7.34345e-05,Safe
787,23,7.34345e-05,Safe
788,292,7.30124e-05,Safe
789,190,7.30124e-05,Safe
790,183,7.30124e-05,Safe
791,181,7.30124e-05,Safe
792,150,7.30124e-05,Safe
793,131,7.30124e-05,Safe
794,128,7.30124e-05,Safe
795,92,7.30124e-05,Safe
796,62,7.30124e-05,Safe
797,43,7.30124e-05,Safe
798,18,7.30124e-05,Safe
799,321,7.25904e-05,Safe
800,208,7.25904e-05,Safe
801,159,7.25904e-05,Safe
802,82,7.25904e-05,Safe
803,49,7.25904e-05,Safe
804,305,7.21684e-05,Safe
805,86,7.21684e-05,Safe
806,56,7.21684e-05,Safe
807,50,7.21684e-05,Safe
808,13,7.21684e-05,Safe
809,311,7.17463e-05,Safe
810,289,7.17463e-05,Safe
811,212,7.17463e-05,Safe
812,127,7.17463e-05,Safe
813,103,7.17463e-05,Safe
814,89,7.17463e-05,Safe
815,8,7.17463e-05,Safe
816,287,7.13243e-05,Safe
817,209,7.13243e-05,Safe
818,153,7.13243e-05,Safe
819,126,7.13243e-05,Safe
820,117,7.13243e-05,Safe
821,106,7.13243e-05,Safe
822,233,7.09023e-05,Safe
823,149,7.09023e-05,Safe
824,316,7.04802e-05,Safe
825,125,7.04802e-05,Safe
826,55,7.04802e-05,Safe
827,35,7.04802e-05,Safe
828,21,7.04802e-05,Safe
829,4,7.04802e-05,Safe
830,46,7.00582e-05,Safe
831,267,6.96361e-05,Safe
832,234,6.96361e-05,Safe
833,133,6.96361e-05,Safe
834,336,6.92141e-05,Safe
835,1882,6.87921e-05,Safe
836,5,6.87921e-05,Safe
837,134,6.837e-05,Safe
838,91,6.837e-05,Safe
839,73,6.837e-05,Safe
840,30,6.7948e-05,Safe
841,38,6.7526e-05,Safe
842,37,6.7526e-05,Safe
843,240,6.71039e-05,Safe
844,138,6.71039e-05,Safe
845,108,6.71039e-05,Safe
846,77,6.71039e-05,Safe
847,53,6.71039e-05,Safe
848,207,6.66819e-05,Safe
849,28,6.62599e-05,Safe
850,15,6.62599e-05,Safe
851,110,6.58378e-05,Safe
852,75,6.58378e-05,Safe
853,3,6.58378e-05,Safe
854,196,6.54158e-05,Safe
855,14,6.45717e-05,Safe
856,1911,6.41497e-05,Safe
857,178,6.33056e-05,Safe
858,335,6.28836e-05,Safe
859,29,6.28836e-05,Safe
860,1902,6.24615e-05,Safe
861,16,6.07734e-05,Safe
862,141,6.03513e-05,Safe
863,81,5.99293e-05,Safe
864,1694,5.86632e-05,Safe
865,1783,5.73971e-05,Safe
866,1800,5.6975e-05,Safe
867,1893,5.40208e-05,Safe
868,1862,5.40208e-05,Safe
869,1827,5.35987e-05,Safe
870,1833,5.31767e-05,Safe
871,1910,5.27547e-05,Safe
872,1876,5.27547e-05,Safe
873,1536,5.23326e-05,Safe
874,1871,5.19106e-05,Safe
875,1894,5.14885e-05,Safe
876,1879,5.10665e-05,Safe
877,1866,4.93784e-05,Safe
878,1574,4.93784e-05,Safe
879,1845,4.76902e-05,Safe
880,1906,4.72682e-05,Safe
881,1709,4.72682e-05,Safe
882,1645,4.72682e-05,Safe
883,1804,4.68461e-05,Safe
884,1767,4.68461e-05,Safe
885,1813,4.64241e-05,Safe
886,1786,4.64241e-05,Safe
887,1785,4.64241e-05,Safe
888,1692,4.64241e-05,Safe
889,1899,4.60021e-05,Safe
890,1807,4.60021e-05,Safe
891,1831,4.558e-05,Safe
892,1808,4.558e-05,Safe
893,1673,4.558e-05,Safe
894,1725,4.5158e-05,Safe
895,1630,4.5158e-05,Safe
896,1861,4.4736e-05,Safe
897,1835,4.4736e-05,Safe
898,1886,4.43139e-05,Safe
899,1857,4.43139e-05,Safe
900,1768,4.43139e-05,Safe
901,1895,4.38919e-05,Safe
902,1847,4.38919e-05,Safe
903,1794,4.38919e-05,Safe
904,1730,4.38919e-05,Safe
905,1471,4.38919e-05,Safe
906,1766,4.34698e-05,Safe
907,1839,4.30478e-05,Safe
908,1358,4.30478e-05,Safe
909,1740,4.26258e-05,Safe
910,1179,4.26258e-05,Safe
911,1909,4.22037e-05,Safe
912,1891,4.22037e-05,Safe
913,1604,4.22037e-05,Safe
914,1863,4.17817e-05,Safe
915,1850,4.17817e-05,Safe
916,1707,4.17817e-05,Safe
917,1616,4.17817e-05,Safe
918,1907,4.13597e-05,Safe
919,1867,4.13597e-05,Safe
920,1860,4.13597e-05,Safe
921,1840,4.13597e-05,Safe
922,1898,4.09376e-05,Safe
923,1864,4.09376e-05,Safe
924,1487,4.09376e-05,Safe
925,1897,4.00935e-05,Safe
926,1806,4.00935e-05,Safe
927,1750,4.00935e-05,Safe
928,1706,4.00935e-05,Safe
929,1679,4.00935e-05,Safe
930,1591,4.00935e-05,Safe
931,1872,3.96715e-05,Safe
932,1880,3.92495e-05,Safe
933,1878,3.92495e-05,Safe
934,1573,3.92495e-05,Safe
935,1903,3.88274e-05,Safe
936,1859,3.88274e-05,Safe
937,1770,3.88274e-05,Safe
938,1756,3.88274e-05,Safe
939,1733,3.88274e-05,Safe
940,1904,3.84054e-05,Safe
941,1828,3.84054e-05,Safe
942,1819,3.84054e-05,Safe
943,1818,3.84054e-05,Safe
944,1791,3.84054e-05,Safe
945,1687,3.84054e-05,Safe
946,1788,3.79834e-05,Safe
947,1739,3.79834e-05,Safe
948,1881,3.75613e-05,Safe
949,1613,3.75613e-05,Safe
950,1853,3.71393e-05,Safe
951,1824,3.71393e-05,Safe
952,1823,3.71393e-05,Safe
953,1820,3.71393e-05,Safe
954,1803,3.71393e-05,Safe
955,1795,3.71393e-05,Safe
956,1777,3.71393e-05,Safe
957,1702,3.71393e-05,Safe
958,1677,3.71393e-05,Safe
959,1612,3.71393e-05,Safe
960,1589,3.71393e-05,Safe
961,1428,3.71393e-05,Safe
962,1400,3.71393e-05,Safe
963,1889,3.67172e-05,Safe
964,1868,3.67172e-05,Safe
965,1841,3.67172e-05,Safe
966,1826,3.67172e-05,Safe
967,1773,3.67172e-05,Safe
968,1751,3.67172e-05,Safe
969,1655,3.67172e-05,Safe
970,1634,3.67172e-05,Safe
971,1614,3.67172e-05,Safe
972,1852,3.62952e-05,Safe
973,1849,3.62952e-05,Safe
974,1724,3.62952e-05,Safe
975,1717,3.62952e-05,Safe
976,1473,3.62952e-05,Safe
977,1809,3.58732e-05,Safe
978,1778,3.58732e-05,Safe
979,1752,3.58732e-05,Safe
980,1745,3.58732e-05,Safe
981,1689,3.58732e-05,Safe
982,1652,3.58732e-05,Safe
983,1621,3.58732e-05,Safe
984,1584,3.58732e-05,Safe
985,1236,3.58732e-05,Safe
986,1225,3.58732e-05,Safe
987,1023,3.58732e-05,Safe
988,936,3.58732e-05,Safe
989,1848,3.54511e-05,Safe
990,1505,3.54511e-05,Safe
991,1462,3.54511e-05,Safe
992,1357,3.54511e-05,Safe
993,1086,3.54511e-05,Safe
994,1905,3.50291e-05,Safe
995,1801,3.50291e-05,Safe
996,1799,3.50291e-05,Safe
997,1793,3.50291e-05,Safe
998,1782,3.50291e-05,Safe
999,1761,3.50291e-05,Safe
1000,1742,3.50291e-05,Safe
1001,1699,3.50291e-05,Safe
1002,1663,3.50291e-05,Safe
1003,1610,3.50291e-05,Safe
1004,1549,3.50291e-05,Safe
1005,1512,3.50291e-05,Safe
1006,1493,3.50291e-05,Safe
1007,1472,3.50291e-05,Safe
1008,1390,3.50291e-05,Safe
1009,1122,3.50291e-05,Safe
1010,1837,3.46071e-05,Safe
1011,1822,3.46071e-05,Safe
1012,1736,3.46071e-05,Safe
1013,1729,3.46071e-05,Safe
1014,1728,3.46071e-05,Safe
1015,1628,3.46071e-05,Safe
1016,1367,3.46071e-05,Safe
1017,1349,3.46071e-05,Safe
1018,1155,3.46071e-05,Safe
1019,1901,3.4185e-05,Safe
1020,1875,3.4185e-05,Safe
1021,1790,3.4185e-05,Safe
1022,1744,3.4185e-05,Safe
1023,1703,3.4185e-05,Safe
1024,1379,3.4185e-05,Safe
1025,1371,3.4185e-05,Safe
1026,906,3.4185e-05,Safe
1027,1877,3.3763e-05,Safe
1028,1858,3.3763e-05,Safe
1029,1838,3.3763e-05,Safe
1030,1758,3.3763e-05,Safe
1031,1716,3.3763e-05,Safe
1032,1704,3.3763e-05,Safe
1033,1620,3.3763e-05,Safe
1034,1611,3.3763e-05,Safe
1035,1554,3.3763e-05,Safe
1036,1545,3.3763e-05,Safe
1037,1540,3.3763e-05,Safe
1038,1533,3.3763e-05,Safe
1039,1514,3.3763e-05,Safe
1040,1507,3.3763e-05,Safe
1041,1435,3.3763e-05,Safe
1042,1413,3.3763e-05,Safe
1043,1374,3.3763e-05,Safe
1044,1331,3.3763e-05,Safe
1045,1320,3.3763e-05,Safe
1046,1275,3.3763e-05,Safe
1047,1235,3.3763e-05,Safe
1048,1145,3.3763e-05,Safe
1049,1080,3.3763e-05,Safe
1050,1070,3.3763e-05,Safe
1051,1000,3.3763e-05,Safe
1052,1734,3.33409e-05,Safe
1053,1727,3.33409e-05,Safe
1054,1718,3.33409e-05,Safe
1055,1664,3.33409e-05,Safe
1056,1619,3.33409e-05,Safe
1057,1475,3.33409e-05,Safe
1058,1464,3.33409e-05,Safe
1059,1305,3.33409e-05,Safe
1060,929,3.33409e-05,Safe
1061,1890,3.29189e-05,Safe
1062,1843,3.29189e-05,Safe
1063,1842,3.29189e-05,Safe
1064,1810,3.29189e-05,Safe
1065,1781,3.29189e-05,Safe
1066,1757,3.29189e-05,Safe
1067,1746,3.29189e-05,Safe
1068,1722,3.29189e-05,Safe
1069,1721,3.29189e-05,Safe
1070,1712,3.29189e-05,Safe
1071,1683,3.29189e-05,Safe
1072,1661,3.29189e-05,Safe
1073,1598,3.29189e-05,Safe
1074,1547,3.29189e-05,Safe
1075,1335,3.29189e-05,Safe
1076,1290,3.29189e-05,Safe
1077,1283,3.29189e-05,Safe
1078,1223,3.29189e-05,Safe
1079,1001,3.29189e-05,Safe
1080,1896,3.24969e-05,Safe
1081,1836,3.24969e-05,Safe
1082,1816,3.24969e-05,Safe
1083,1814,3.24969e-05,Safe
1084,1749,3.24969e-05,Safe
1085,1705,3.24969e-05,Safe
1086,1654,3.24969e-05,Safe
1087,1650,3.24969e-05,Safe
1088,1636,3.24969e-05,Safe
1089,1624,3.24969e-05,Safe
1090,1529,3.24969e-05,Safe
1091,1525,3.24969e-05,Safe
1092,1469,3.24969e-05,Safe
1093,1466,3.24969e-05,Safe
1094,1382,3.24969e-05,Safe
1095,1324,3.24969e-05,Safe
1096,1317,3.24969e-05,Safe
1097,1095,3.24969e-05,Safe
1098,968,3.24969e-05,Safe
1099,1870,3.20748e-05,Safe
1100,1812,3.20748e-05,Safe
1101,1792,3.20748e-05,Safe
1102,1789,3.20748e-05,Safe
1103,1787,3.20748e-05,Safe
1104,1763,3.20748e-05,Safe
1105,1603,3.20748e-05,Safe
1106,1596,3.20748e-05,Safe
1107,1563,3.20748e-05,Safe
1108,1532,3.20748e-05,Safe
1109,1531,3.20748e-05,Safe
1110,1468,3.20748e-05,Safe
1111,1429,3.20748e-05,Safe
1112,1389,3.20748e-05,Safe
1113,1377,3.20748e-05,Safe
1114,1361,3.20748e-05,Safe
1115,1303,3.20748e-05,Safe
1116,1282,3.20748e-05,Safe
1117,1250,3.20748e-05,Safe
1118,1221,3.20748e-05,Safe
1119,1168,3.20748e-05,Safe
1120,1128,3.20748e-05,Safe
1121,1054,3.20748e-05,Safe
1122,955,3.20748e-05,Safe
1123,1715,3.16528e-05,Safe
1124,1713,3.16528e-05,Safe
1125,1695,3.16528e-05,Safe
1126,1691,3.16528e-05,Safe
1127,1686,3.16528e-05,Safe
1128,1669,3.16528e-05,Safe
1129,1667,3.16528e-05,Safe
1130,1609,3.16528e-05,Safe
1131,1580,3.16528e-05,Safe
1132,1550,3.16528e-05,Safe
1133,1548,3.16528e-05,Safe
1134,1520,3.16528e-05,Safe
1135,1495,3.16528e-05,Safe
1136,1444,3.16528e-05,Safe
1137,1427,3.16528e-05,Safe
1138,1313,3.16528e-05,Safe
1139,1295,3.16528e-05,Safe
1140,1259,3.16528e-05,Safe
1141,1171,3.16528e-05,Safe
1142,1151,3.16528e-05,Safe
1143,1136,3.16528e-05,Safe
1144,911,3.16528e-05,Safe
1145,1885,3.12308e-05,Safe
1146,1869,3.12308e-05,Safe
1147,1741,3.12308e-05,Safe
1148,1726,3.12308e-05,Safe
1149,1690,3.12308e-05,Safe
1150,1638,3.12308e-05,Safe
1151,1615,3.12308e-05,Safe
1152,1583,3.12308e-05,Safe
1153,1576,3.12308e-05,Safe
1154,1558,3.12308e-05,Safe
1155,1541,3.12308e-05,Safe
1156,1509,3.12308e-05,Safe
1157,1459,3.12308e-05,Safe
1158,1369,3.12308e-05,Safe
1159,1366,3.12308e-05,Safe
1160,1197,3.12308e-05,Safe
1161,1089,3.12308e-05,Safe
1162,1018,3.12308e-05,Safe
1163,918,3.12308e-05,Safe
1164,1684,3.12308e-05,Safe
1165,1829,3.08087e-05,Safe
1166,1817,3.08087e-05,Safe
1167,1776,3.08087e-05,Safe
1168,1772,3.08087e-05,Safe
1169,1765,3.08087e-05,Safe
1170,1675,3.08087e-05,Safe
1171,1586,3.08087e-05,Safe
1172,1570,3.08087e-05,Safe
1173,1569,3.08087e-05,Safe
1174,1567,3.08087e-05,Safe
1175,1467,3.08087e-05,Safe
1176,1411,3.08087e-05,Safe
1177,1408,3.08087e-05,Safe
1178,1338,3.08087e-05,Safe
1179,1332,3.08087e-05,Safe
1180,1318,3.08087e-05,Safe
1181,1276,3.08087e-05,Safe
1182,1237,3.08087e-05,Safe
1183,1175,3.08087e-05,Safe
1184,1165,3.08087e-05,Safe
1185,1044,3.08087e-05,Safe
1186,1016,3.08087e-05,Safe
1187,957,3.08087e-05,Safe
1188,1846,3.03867e-05,Safe
1189,1825,3.03867e-05,Safe
1190,1771,3.03867e-05,Safe
1191,1731,3.03867e-05,Safe
1192,1714,3.03867e-05,Safe
1193,1680,3.03867e-05,Safe
1194,1660,3.03867e-05,Safe
1195,1648,3.03867e-05,Safe
1196,1585,3.03867e-05,Safe
1197,1559,3.03867e-05,Safe
1198,1513,3.03867e-05,Safe
1199,1502,3.03867e-05,Safe
1200,1500,3.03867e-05,Safe
1201,1491,3.03867e-05,Safe
1202,1489,3.03867e-05,Safe
1203,1482,3.03867e-05,Safe
1204,1388,3.03867e-05,Safe
1205,1381,3.03867e-05,Safe
1206,1284,3.03867e-05,Safe
1207,1199,3.03867e-05,Safe
1208,1192,3.03867e-05,Safe
1209,1166,3.03867e-05,Safe
1210,1161,3.03867e-05,Safe
1211,1043,3.03867e-05,Safe
1212,1040,3.03867e-05,Safe
1213,919,3.03867e-05,Safe
1214,1834,2.99646e-05,Safe
1215,1805,2.99646e-05,Safe
1216,1764,2.99646e-05,Safe
1217,1747,2.99646e-05,Safe
1218,1737,2.99646e-05,Safe
1219,1720,2.99646e-05,Safe
1220,1700,2.99646e-05,Safe
1221,1682,2.99646e-05,Safe
1222,1659,2.99646e-05,Safe
1223,1617,2.99646e-05,Safe
1224,1593,2.99646e-05,Safe
1225,1590,2.99646e-05,Safe
1226,1553,2.99646e-05,Safe
1227,1551,2.99646e-05,Safe
1228,1539,2.99646e-05,Safe
1229,1528,2.99646e-05,Safe
1230,1511,2.99646e-05,Safe
1231,1463,2.99646e-05,Safe
1232,1433,2.99646e-05,Safe
1233,1420,2.99646e-05,Safe
1234,1300,2.99646e-05,Safe
1235,1273,2.99646e-05,Safe
1236,1248,2.99646e-05,Safe
1237,1207,2.99646e-05,Safe
1238,1173,2.99646e-05,Safe
1239,1153,2.99646e-05,Safe
1240,1087,2.99646e-05,Safe
1241,1028,2.99646e-05,Safe
1242,1020,2.99646e-05,Safe
1243,1008,2.99646e-05,Safe
1244,1830,2.95426e-05,Safe
1245,1811,2.95426e-05,Safe
1246,1774,2.95426e-05,Safe
1247,1743,2.95426e-05,Safe
1248,1710,2.95426e-05,Safe
1249,1685,2.95426e-05,Safe
1250,1681,2.95426e-05,Safe
1251,1601,2.95426e-05,Safe
1252,1587,2.95426e-05,Safe
1253,1552,2.95426e-05,Safe
1254,1537,2.95426e-05,Safe
1255,1527,2.95426e-05,Safe
1256,1497,2.95426e-05,Safe
1257,1456,2.95426e-05,Safe
1258,1425,2.95426e-05,Safe
1259,1423,2.95426e-05,Safe
1260,1415,2.95426e-05,Safe
1261,1360,2.95426e-05,Safe
1262,1342,2.95426e-05,Safe
1263,1336,2.95426e-05,Safe
1264,1306,2.95426e-05,Safe
1265,1262,2.95426e-05,Safe
1266,1231,2.95426e-05,Safe
1267,1229,2.95426e-05,Safe
1268,1194,2.95426e-05,Safe
1269,1149,2.95426e-05,Safe
1270,1116,2.95426e-05,Safe
1271,1103,2.95426e-05,Safe
1272,1030,2.95426e-05,Safe
1273,1019,2.95426e-05,Safe
1274,1014,2.95426e-05,Safe
1275,984,2.95426e-05,Safe
1276,954,2.95426e-05,Safe
1277,946,2.95426e-05,Safe
1278,917,2.95426e-05,Safe
1279,896,2.95426e-05,Safe
1280,1854,2.91206e-05,Safe
1281,1815,2.91206e-05,Safe
1282,1754,2.91206e-05,Safe
1283,1753,2.91206e-05,Safe
1284,1735,2.91206e-05,Safe
1285,1626,2.91206e-05,Safe
1286,1557,2.91206e-05,Safe
1287,1516,2.91206e-05,Safe
1288,1503,2.91206e-05,Safe
1289,1494,2.91206e-05,Safe
1290,1384,2.91206e-05,Safe
1291,1383,2.91206e-05,Safe
1292,1376,2.91206e-05,Safe
1293,1279,2.91206e-05,Safe
1294,1271,2.91206e-05,Safe
1295,1137,2.91206e-05,Safe
1296,1082,2.91206e-05,Safe
1297,1053,2.91206e-05,Safe
1298,1041,2.91206e-05,Safe
1299,1031,2.91206e-05,Safe
1300,980,2.91206e-05,Safe
1301,1892,2.86985e-05,Safe
1302,1883,2.86985e-05,Safe
1303,1802,2.86985e-05,Safe
1304,1796,2.86985e-05,Safe
1305,1748,2.86985e-05,Safe
1306,1708,2.86985e-05,Safe
1307,1688,2.86985e-05,Safe
1308,1666,2.86985e-05,Safe
1309,1657,2.86985e-05,Safe
1310,1618,2.86985e-05,Safe
1311,1571,2.86985e-05,Safe
1312,1498,2.86985e-05,Safe
1313,1465,2.86985e-05,Safe
1314,1461,2.86985e-05,Safe
1315,1454,2.86985e-05,Safe
1316,1443,2.86985e-05,Safe
1317,1412,2.86985e-05,Safe
1318,1396,2.86985e-05,Safe
1319,1392,2.86985e-05,Safe
1320,1387,2.86985e-05,Safe
1321,1346,2.86985e-05,Safe
1322,1345,2.86985e-05,Safe
1323,1296,2.86985e-05,Safe
1324,1294,2.86985e-05,Safe
1325,1292,2.86985e-05,Safe
1326,1252,2.86985e-05,Safe
1327,1169,2.86985e-05,Safe
1328,1124,2.86985e-05,Safe
1329,1121,2.86985e-05,Safe
1330,1107,2.86985e-05,Safe
1331,1074,2.86985e-05,Safe
1332,1071,2.86985e-05,Safe
1333,1060,2.86985e-05,Safe
1334,1034,2.86985e-05,Safe
1335,996,2.86985e-05,Safe
1336,979,2.86985e-05,Safe
1337,976,2.86985e-05,Safe
1338,971,2.86985e-05,Safe
1339,930,2.86985e-05,Safe
1340,912,2.86985e-05,Safe
1341,1908,2.82765e-05,Safe
1342,1884,2.82765e-05,Safe
1343,1775,2.82765e-05,Safe
1344,1719,2.82765e-05,Safe
1345,1696,2.82765e-05,Safe
1346,1670,2.82765e-05,Safe
1347,1646,2.82765e-05,Safe
1348,1633,2.82765e-05,Safe
1349,1622,2.82765e-05,Safe
1350,1606,2.82765e-05,Safe
1351,1566,2.82765e-05,Safe
1352,1543,2.82765e-05,Safe
1353,1535,2.82765e-05,Safe
1354,1480,2.82765e-05,Safe
1355,1417,2.82765e-05,Safe
1356,1406,2.82765e-05,Safe
1357,1356,2.82765e-05,Safe
1358,1355,2.82765e-05,Safe
1359,1352,2.82765e-05,Safe
1360,1337,2.82765e-05,Safe
1361,1322,2.82765e-05,Safe
1362,1315,2.82765e-05,Safe
1363,1277,2.82765e-05,Safe
1364,1267,2.82765e-05,Safe
1365,1255,2.82765e-05,Safe
1366,1241,2.82765e-05,Safe
1367,1209,2.82765e-05,Safe
1368,1172,2.82765e-05,Safe
1369,1147,2.82765e-05,Safe
1370,1052,2.82765e-05,Safe
1371,1038,2.82765e-05,Safe
1372,1037,2.82765e-05,Safe
1373,1006,2.82765e-05,Safe
1374,986,2.82765e-05,Safe
1375,965,2.82765e-05,Safe
1376,927,2.82765e-05,Safe
1377,915,2.82765e-05,Safe
1378,1865,2.78545e-05,Safe
1379,1769,2.78545e-05,Safe
1380,1698,2.78545e-05,Safe
1381,1676,2.78545e-05,Safe
1382,1668,2.78545e-05,Safe
1383,1662,2.78545e-05,Safe
1384,1555,2.78545e-05,Safe
1385,1515,2.78545e-05,Safe
1386,1486,2.78545e-05,Safe
1387,1481,2.78545e-05,Safe
1388,1470,2.78545e-05,Safe
1389,1442,2.78545e-05,Safe
1390,1419,2.78545e-05,Safe
1391,1340,2.78545e-05,Safe
1392,1304,2.78545e-05,Safe
1393,1263,2.78545e-05,Safe
1394,1254,2.78545e-05,Safe
1395,1238,2.78545e-05,Safe
1396,1234,2.78545e-05,Safe
1397,1217,2.78545e-05,Safe
1398,1213,2.78545e-05,Safe
1399,1210,2.78545e-05,Safe
1400,1206,2.78545e-05,Safe
1401,1133,2.78545e-05,Safe
1402,1120,2.78545e-05,Safe
1403,1108,2.78545e-05,Safe
1404,1104,2.78545e-05,Safe
1405,1039,2.78545e-05,Safe
1406,1007,2.78545e-05,Safe
1407,991,2.78545e-05,Safe
1408,934,2.78545e-05,Safe
1409,928,2.78545e-05,Safe
1410,914,2.78545e-05,Safe
1411,1798,2.74324e-05,Safe
1412,1779,2.74324e-05,Safe
1413,1701,2.74324e-05,Safe
1414,1642,2.74324e-05,Safe
1415,1625,2.74324e-05,Safe
1416,1623,2.74324e-05,Safe
1417,1578,2.74324e-05,Safe
1418,1565,2.74324e-05,Safe
1419,1530,2.74324e-05,Safe
1420,1492,2.74324e-05,Safe
1421,1477,2.74324e-05,Safe
1422,1452,2.74324e-05,Safe
1423,1448,2.74324e-05,Safe
1424,1446,2.74324e-05,Safe
1425,1418,2.74324e-05,Safe
1426,1409,2.74324e-05,Safe
1427,1403,2.74324e-05,Safe
1428,1394,2.74324e-05,Safe
1429,1351,2.74324e-05,Safe
1430,1339,2.74324e-05,Safe
1431,1289,2.74324e-05,Safe
1432,1258,2.74324e-05,Safe
1433,1227,2.74324e-05,Safe
1434,1215,2.74324e-05,Safe
1435,1212,2.74324e-05,Safe
1436,1202,2.74324e-05,Safe
1437,1088,2.74324e-05,Safe
1438,1084,2.74324e-05,Safe
1439,1067,2.74324e-05,Safe
1440,1046,2.74324e-05,Safe
1441,1029,2.74324e-05,Safe
1442,938,2.74324e-05,Safe
1443,910,2.74324e-05,Safe
1444,1851,2.70104e-05,Safe
1445,1697,2.70104e-05,Safe
1446,1678,2.70104e-05,Safe
1447,1674,2.70104e-05,Safe
1448,1641,2.70104e-05,Safe
1449,1629,2.70104e-05,Safe
1450,1607,2.70104e-05,Safe
1451,1479,2.70104e-05,Safe
1452,1457,2.70104e-05,Safe
1453,1432,2.70104e-05,Safe
1454,1421,2.70104e-05,Safe
1455,1404,2.70104e-05,Safe
1456,1343,2.70104e-05,Safe
1457,1333,2.70104e-05,Safe
1458,1281,2.70104e-05,Safe
1459,1278,2.70104e-05,Safe
1460,1274,2.70104e-05,Safe
1461,1249,2.70104e-05,Safe
1462,1245,2.70104e-05,Safe
1463,1224,2.70104e-05,Safe
1464,1185,2.70104e-05,Safe
1465,1184,2.70104e-05,Safe
1466,1183,2.70104e-05,Safe
1467,1163,2.70104e-05,Safe
1468,1129,2.70104e-05,Safe
1469,1123,2.70104e-05,Safe
1470,1085,2.70104e-05,Safe
1471,1049,2.70104e-05,Safe
1472,1036,2.70104e-05,Safe
1473,913,2.70104e-05,Safe
1474,899,2.70104e-05,Safe
1475,898,2.70104e-05,Safe
1476,1873,2.65883e-05,Safe
1477,1832,2.65883e-05,Safe
1478,1784,2.65883e-05,Safe
1479,1780,2.65883e-05,Safe
1480,1755,2.65883e-05,Safe
1481,1672,2.65883e-05,Safe
1482,1665,2.65883e-05,Safe
1483,1644,2.65883e-05,Safe
1484,1635,2.65883e-05,Safe
1485,1582,2.65883e-05,Safe
1486,1484,2.65883e-05,Safe
1487,1458,2.65883e-05,Safe
1488,1436,2.65883e-05,Safe
1489,1426,2.65883e-05,Safe
1490,1424,2.65883e-05,Safe
1491,1399,2.65883e-05,Safe
1492,1291,2.65883e-05,Safe
1493,1287,2.65883e-05,Safe
1494,1272,2.65883e-05,Safe
1495,1240,2.65883e-05,Safe
1496,1216,2.65883e-05,Safe
1497,1200,2.65883e-05,Safe
1498,1193,2.65883e-05,Safe
1499,1189,2.65883e-05,Safe
1500,1178,2.65883e-05,Safe
1501,1164,2.65883e-05,Safe
1502,1058,2.65883e-05,Safe
1503,1050,2.65883e-05,Safe
1504,1002,2.65883e-05,Safe
1505,974,2.65883e-05,Safe
1506,972,2.65883e-05,Safe
1507,958,2.65883e-05,Safe
1508,953,2.65883e-05,Safe
1509,935,2.65883e-05,Safe
1510,924,2.65883e-05,Safe
1511,903,2.65883e-05,Safe
1512,900,2.65883e-05,Safe
1513,1900,2.61663e-05,Safe
1514,1643,2.61663e-05,Safe
1515,1637,2.61663e-05,Safe
1516,1608,2.61663e-05,Safe
1517,1602,2.61663e-05,Safe
1518,1600,2.61663e-05,Safe
1519,1560,2.61663e-05,Safe
1520,1534,2.61663e-05,Safe
1521,1524,2.61663e-05,Safe
1522,1499,2.61663e-05,Safe
1523,1485,2.61663e-05,Safe
1524,1474,2.61663e-05,Safe
1525,1455,2.61663e-05,Safe
1526,1453,2.61663e-05,Safe
1527,1431,2.61663e-05,Safe
1528,1363,2.61663e-05,Safe
1529,1325,2.61663e-05,Safe
1530,1302,2.61663e-05,Safe
1531,1265,2.61663e-05,Safe
1532,1253,2.61663e-05,Safe
1533,1243,2.61663e-05,Safe
1534,1230,2.61663e-05,Safe
1535,1222,2.61663e-05,Safe
1536,1218,2.61663e-05,Safe
1537,1211,2.61663e-05,Safe
1538,1152,2.61663e-05,Safe
1539,1132,2.61663e-05,Safe
1540,1102,2.61663e-05,Safe
1541,1055,2.61663e-05,Safe
1542,1051,2.61663e-05,Safe
1543,1042,2.61663e-05,Safe
1544,1012,2.61663e-05,Safe
1545,994,2.61663e-05,Safe
1546,982,2.61663e-05,Safe
1547,977,2.61663e-05,Safe
1548,1656,2.57443e-05,Safe
1549,1653,2.57443e-05,Safe
1550,1632,2.57443e-05,Safe
1551,1631,2.57443e-05,Safe
1552,1605,2.57443e-05,Safe
1553,1595,2.57443e-05,Safe
1554,1594,2.57443e-05,Safe
1555,1581,2.57443e-05,Safe
1556,1568,2.57443e-05,Safe
1557,1538,2.57443e-05,Safe
1558,1521,2.57443e-05,Safe
1559,1445,2.57443e-05,Safe
1560,1380,2.57443e-05,Safe
1561,1365,2.57443e-05,Safe
1562,1359,2.57443e-05,Safe
1563,1341,2.57443e-05,Safe
1564,1321,2.57443e-05,Safe
1565,1309,2.57443e-05,Safe
1566,1293,2.57443e-05,Safe
1567,1270,2.57443e-05,Safe
1568,1266,2.57443e-05,Safe
1569,1242,2.57443e-05,Safe
1570,1204,2.57443e-05,Safe
1571,1203,2.57443e-05,Safe
1572,1181,2.57443e-05,Safe
1573,1158,2.57443e-05,Safe
1574,1127,2.57443e-05,Safe
1575,1114,2.57443e-05,Safe
1576,1059,2.57443e-05,Safe
1577,1057,2.57443e-05,Safe
1578,1005,2.57443e-05,Safe
1579,983,2.57443e-05,Safe
1580,973,2.57443e-05,Safe
1581,962,2.57443e-05,Safe
1582,947,2.57443e-05,Safe
1583,921,2.57443e-05,Safe
1584,1797,2.53222e-05,Safe
1585,1693,2.53222e-05,Safe
1586,1658,2.53222e-05,Safe
1587,1599,2.53222e-05,Safe
1588,1517,2.53222e-05,Safe
1589,1488,2.53222e-05,Safe
1590,1483,2.53222e-05,Safe
1591,1440,2.53222e-05,Safe
1592,1407,2.53222e-05,Safe
1593,1401,2.53222e-05,Safe
1594,1375,2.53222e-05,Safe
1595,1373,2.53222e-05,Safe
1596,1370,2.53222e-05,Safe
1597,1364,2.53222e-05,Safe
1598,1353,2.53222e-05,Safe
1599,1347,2.53222e-05,Safe
1600,1328,2.53222e-05,Safe
1601,1307,2.53222e-05,Safe
1602,1257,2.53222e-05,Safe
1603,1247,2.53222e-05,Safe
1604,1228,2.53222e-05,Safe
1605,1187,2.53222e-05,Safe
1606,1182,2.53222e-05,Safe
1607,1160,2.53222e-05,Safe
1608,1156,2.53222e-05,Safe
1609,1126,2.53222e-05,Safe
1610,1125,2.53222e-05,Safe
1611,1110,2.53222e-05,Safe
1612,1045,2.53222e-05,Safe
1613,1035,2.53222e-05,Safe
1614,1003,2.53222e-05,Safe
1615,943,2.53222e-05,Safe
1616,907,2.53222e-05,Safe
1617,1723,2.49002e-05,Safe
1618,1647,2.49002e-05,Safe
1619,1542,2.49002e-05,Safe
1620,1504,2.49002e-05,Safe
1621,1398,2.49002e-05,Safe
1622,1391,2.49002e-05,Safe
1623,1372,2.49002e-05,Safe
1624,1368,2.49002e-05,Safe
1625,1348,2.49002e-05,Safe
1626,1314,2.49002e-05,Safe
1627,1312,2.49002e-05,Safe
1628,1286,2.49002e-05,Safe
1629,1264,2.49002e-05,Safe
1630,1251,2.49002e-05,Safe
1631,1226,2.49002e-05,Safe
1632,1208,2.49002e-05,Safe
1633,1198,2.49002e-05,Safe
1634,1177,2.49002e-05,Safe
1635,1113,2.49002e-05,Safe
1636,1106,2.49002e-05,Safe
1637,998,2.49002e-05,Safe
1638,990,2.49002e-05,Safe
1639,987,2.49002e-05,Safe
1640,970,2.49002e-05,Safe
1641,969,2.49002e-05,Safe
1642,922,2.49002e-05,Safe
1643,1887,2.44782e-05,Safe
1644,1821,2.44782e-05,Safe
1645,1760,2.44782e-05,Safe
1646,1738,2.44782e-05,Safe
1647,1651,2.44782e-05,Safe
1648,1649,2.44782e-05,Safe
1649,1597,2.44782e-05,Safe
1650,1592,2.44782e-05,Safe
1651,1523,2.44782e-05,Safe
1652,1519,2.44782e-05,Safe
1653,1518,2.44782e-05,Safe
1654,1460,2.44782e-05,Safe
1655,1451,2.44782e-05,Safe
1656,1450,2.44782e-05,Safe
1657,1449,2.44782e-05,Safe
1658,1447,2.44782e-05,Safe
1659,1437,2.44782e-05,Safe
1660,1395,2.44782e-05,Safe
1661,1378,2.44782e-05,Safe
1662,1354,2.44782e-05,Safe
1663,1344,2.44782e-05,Safe
1664,1330,2.44782e-05,Safe
1665,1311,2.44782e-05,Safe
1666,1246,2.44782e-05,Safe
1667,1239,2.44782e-05,Safe
1668,1201,2.44782e-05,Safe
1669,1170,2.44782e-05,Safe
1670,1134,2.44782e-05,Safe
1671,1078,2.44782e-05,Safe
1672,1066,2.44782e-05,Safe
1673,1015,2.44782e-05,Safe
1674,1011,2.44782e-05,Safe
1675,999,2.44782e-05,Safe
1676,989,2.44782e-05,Safe
1677,956,2.44782e-05,Safe
1678,945,2.44782e-05,Safe
1679,1732,2.40561e-05,Safe
1680,1522,2.40561e-05,Safe
1681,1496,2.40561e-05,Safe
1682,1416,2.40561e-05,Safe
1683,1414,2.40561e-05,Safe
1684,1327,2.40561e-05,Safe
1685,1310,2.40561e-05,Safe
1686,1269,2.40561e-05,Safe
1687,1188,2.40561e-05,Safe
1688,1140,2.40561e-05,Safe
1689,1139,2.40561e-05,Safe
1690,1117,2.40561e-05,Safe
1691,1099,2.40561e-05,Safe
1692,1098,2.40561e-05,Safe
1693,1091,2.40561e-05,Safe
1694,1079,2.40561e-05,Safe
1695,1063,2.40561e-05,Safe
1696,1056,2.40561e-05,Safe
1697,1032,2.40561e-05,Safe
1698,1021,2.40561e-05,Safe
1699,1017,2.40561e-05,Safe
1700,985,2.40561e-05,Safe
1701,967,2.40561e-05,Safe
1702,964,2.40561e-05,Safe
1703,940,2.40561e-05,Safe
1704,939,2.40561e-05,Safe
1705,937,2.40561e-05,Safe
1706,905,2.40561e-05,Safe
1707,1422,2.36341e-05,Safe
1708,1405,2.36341e-05,Safe
1709,1334,2.36341e-05,Safe
1710,1329,2.36341e-05,Safe
1711,1319,2.36341e-05,Safe
1712,1301,2.36341e-05,Safe
1713,1298,2.36341e-05,Safe
1714,1268,2.36341e-05,Safe
1715,1190,2.36341e-05,Safe
1716,1130,2.36341e-05,Safe
1717,1115,2.36341e-05,Safe
1718,1109,2.36341e-05,Safe
1719,1075,2.36341e-05,Safe
1720,1026,2.36341e-05,Safe
1721,1009,2.36341e-05,Safe
1722,966,2.36341e-05,Safe
1723,961,2.36341e-05,Safe
1724,931,2.36341e-05,Safe
1725,926,2.36341e-05,Safe
1726,1711,2.3212e-05,Safe
1727,1572,2.3212e-05,Safe
1728,1546,2.3212e-05,Safe
1729,1526,2.3212e-05,Safe
1730,1510,2.3212e-05,Safe
1731,1478,2.3212e-05,Safe
1732,1441,2.3212e-05,Safe
1733,1393,2.3212e-05,Safe
1734,1308,2.3212e-05,Safe
1735,1297,2.3212e-05,Safe
1736,1233,2.3212e-05,Safe
1737,1232,2.3212e-05,Safe
1738,1174,2.3212e-05,Safe
1739,1162,2.3212e-05,Safe
1740,1157,2.3212e-05,Safe
1741,1148,2.3212e-05,Safe
1742,1143,2.3212e-05,Safe
1743,1141,2.3212e-05,Safe
1744,1138,2.3212e-05,Safe
1745,1112,2.3212e-05,Safe
1746,1097,2.3212e-05,Safe
1747,1048,2.3212e-05,Safe
1748,1033,2.3212e-05,Safe
1749,1013,2.3212e-05,Safe
1750,997,2.3212e-05,Safe
1751,992,2.3212e-05,Safe
1752,978,2.3212e-05,Safe
1753,975,2.3212e-05,Safe
1754,960,2.3212e-05,Safe
1755,948,2.3212e-05,Safe
1756,942,2.3212e-05,Safe
1757,932,2.3212e-05,Safe
1758,916,2.3212e-05,Safe
1759,1759,2.279e-05,Safe
1760,1556,2.279e-05,Safe
1761,1490,2.279e-05,Safe
1762,1476,2.279e-05,Safe
1763,1439,2.279e-05,Safe
1764,1430,2.279e-05,Safe
1765,1386,2.279e-05,Safe
1766,1316,2.279e-05,Safe
1767,1256,2.279e-05,Safe
1768,1244,2.279e-05,Safe
1769,1214,2.279e-05,Safe
1770,1142,2.279e-05,Safe
1771,1094,2.279e-05,Safe
1772,1073,2.279e-05,Safe
1773,1069,2.279e-05,Safe
1774,1027,2.279e-05,Safe
1775,1024,2.279e-05,Safe
1776,981,2.279e-05,Safe
1777,944,2.279e-05,Safe
1778,941,2.279e-05,Safe
1779,925,2.279e-05,Safe
1780,901,2.279e-05,Safe
1781,1762,2.2368e-05,Safe
1782,1671,2.2368e-05,Safe
1783,1588,2.2368e-05,Safe
1784,1575,2.2368e-05,Safe
1785,1561,2.2368e-05,Safe
1786,1397,2.2368e-05,Safe
1787,1288,2.2368e-05,Safe
1788,1180,2.2368e-05,Safe
1789,1176,2.2368e-05,Safe
1790,1146,2.2368e-05,Safe
1791,1105,2.2368e-05,Safe
1792,1100,2.2368e-05,Safe
1793,1077,2.2368e-05,Safe
1794,1076,2.2368e-05,Safe
1795,1065,2.2368e-05,Safe
1796,1061,2.2368e-05,Safe
1797,1047,2.2368e-05,Safe
1798,1004,2.2368e-05,Safe
1799,995,2.2368e-05,Safe
1800,963,2.2368e-05,Safe
1801,952,2.2368e-05,Safe
1802,949,2.2368e-05,Safe
1803,933,2.2368e-05,Safe
1804,1640,2.19459e-05,Safe
1805,1564,2.19459e-05,Safe
1806,1562,2.19459e-05,Safe
1807,1326,2.19459e-05,Safe
1808,1285,2.19459e-05,Safe
1809,1191,2.19459e-05,Safe
1810,1111,2.19459e-05,Safe
1811,988,2.19459e-05,Safe
1812,959,2.19459e-05,Safe
1813,923,2.19459e-05,Safe
1814,902,2.19459e-05,Safe
1815,1856,2.15239e-05,Safe
1816,1544,2.15239e-05,Safe
1817,1410,2.15239e-05,Safe
1818,1260,2.15239e-05,Safe
1819,1220,2.15239e-05,Safe
1820,1205,2.15239e-05,Safe
1821,1159,2.15239e-05,Safe
1822,1064,2.15239e-05,Safe
1823,951,2.15239e-05,Safe
1824,904,2.15239e-05,Safe
1825,1639,2.11019e-05,Safe
1826,1579,2.11019e-05,Safe
1827,1508,2.11019e-05,Safe
1828,1506,2.11019e-05,Safe
1829,1501,2.11019e-05,Safe
1830,1261,2.11019e-05,Safe
1831,1144,2.11019e-05,Safe
1832,1131,2.11019e-05,Safe
1833,1096,2.11019e-05,Safe
1834,1092,2.11019e-05,Safe
1835,1081,2.11019e-05,Safe
1836,1072,2.11019e-05,Safe
1837,1022,2.11019e-05,Safe
1838,1010,2.11019e-05,Safe
1839,1627,2.06798e-05,Safe
1840,1402,2.06798e-05,Safe
1841,1385,2.06798e-05,Safe
1842,1299,2.06798e-05,Safe
1843,1186,2.06798e-05,Safe
1844,1154,2.06798e-05,Safe
1845,1083,2.06798e-05,Safe
1846,1062,2.06798e-05,Safe
1847,993,2.06798e-05,Safe
1848,1434,2.02578e-05,Safe
1849,1350,2.02578e-05,Safe
1850,1195,2.02578e-05,Safe
1851,1150,2.02578e-05,Safe
1852,1874,1.98358e-05,Safe
1853,1855,1.98358e-05,Safe
1854,1438,1.98358e-05,Safe
1855,1167,1.98358e-05,Safe
1856,1135,1.98358e-05,Safe
1857,880,1.94137e-05,Safe
1858,890,1.94137e-05,Safe
1859,1323,1.94137e-05,Safe
1860,1280,1.94137e-05,Safe
1861,1118,1.94137e-05,Safe
1862,1093,1.94137e-05,Safe
1863,920,1.94137e-05,Safe
1864,908,1.94137e-05,Safe
1865,1362,1.89917e-05,Safe
1866,1101,1.89917e-05,Safe
1867,1068,1.89917e-05,Safe
1868,1119,1.85696e-05,Safe
1869,909,1.85696e-05,Safe
1870,950,1.81476e-05,Safe
1871,897,1.77256e-05,Safe
1872,1196,1.73035e-05,Safe
1873,1577,1.68815e-05,Safe
1874,1219,1.60374e-05,Safe
1875,1090,1.60374e-05,Safe
1876,889,1.56154e-05,Safe
1877,869,1.51933e-05,Safe
1878,888,1.22391e-05,Safe
1879,876,1.01289e-05,Safe
1880,863,1.01289e-05,Safe
1881,861,9.70686e-06,Safe
1882,878,9.28482e-06,Safe
1883,864,8.44075e-06,Safe
1884,884,7.17463e-06,Safe
1885,882,7.17463e-06,Safe
1886,885,6.7526e-06,Safe
1887,1912,6.7526e-06,Safe
1888,893,6.33056e-06,Safe
1889,3989,5.90852e-06,Safe
1890,3980,5.90852e-06,Safe
1891,873,5.48648e-06,Safe
1892,4011,5.48648e-06,Safe
1893,1967,5.48648e-06,Safe
1894,886,5.06445e-06,Safe
1895,877,5.06445e-06,Safe
1896,4031,5.06445e-06,Safe
1897,3861,4.64241e-06,Safe
1898,3454,4.64241e-06,Safe
1899,3487,4.22037e-06,Safe
1900,874,3.79834e-06,Safe
1901,872,3.79834e-06,Safe
1902,867,3.3763e-06,Safe
1903,3961,3.3763e-06,Safe
1904,887,2.95426e-06,Safe
1905,3437,2.95426e-06,Safe
1906,3723,2.53222e-06,Safe
1907,3173,2.53222e-06,Safe
1908,2693,2.11019e-06,Safe
1909,3245,2.11019e-06,Safe
1910,3003,2.11019e-06,Safe
1911,2368,1.68815e-06,Safe
1912,2813,1.68815e-06,Safe
1913,3278,1.68815e-06,Safe
1914,3057,1.68815e-06,Safe
1915,2678,1.68815e-06,Safe
1916,2814,1.68815e-06,Safe
1917,2744,1.26611e-06,Safe
1918,2764,1.26611e-06,Safe
1919,3179,1.26611e-06,Safe
1920,3222,1.26611e-06,Safe
1921,2704,1.26611e-06,Safe
1922,2180,1.26611e-06,Safe
1923,2032,1.26611e-06,Safe
1924,3290,1.26611e-06,Safe
1925,3954,8.44075e-07,Safe
1926,3904,8.44075e-07,Safe
1927,3504,8.44075e-07,Safe
1928,3396,8.44075e-07,Safe
1929,3319,8.44075e-07,Safe
1930,2616,8.44075e-07,Safe
1931,2519,8.44075e-07,Safe
1932,3101,8.44075e-07,Safe
1933,2979,8.44075e-07,Safe
1934,3020,8.44075e-07,Safe
1935,2555,8.44075e-07,Safe
1936,2512,8.44075e-07,Safe
1937,2976,8.44075e-07,Safe
1938,3100,8.44075e-07,Safe
1939,2826,8.44075e-07,Safe
1940,2677,8.44075e-07,Safe
1941,3962,8.44075e-07,Safe
1942,3263,8.44075e-07,Safe
1943,2941,8.44075e-07,Safe
1944,2883,8.44075e-07,Safe
1945,895,8.44075e-07,Safe
1946,883,8.44075e-07,Safe
1947,868,8.44075e-07,Safe
1948,866,8.44075e-07,Safe
1949,862,8.44075e-07,Safe
1950,859,8.44075e-07,Safe
1951,2629,8.44075e-07,Safe
1952,2533,8.44075e-07,Safe
1953,2461,8.44075e-07,Safe
1954,2336,8.44075e-07,Safe
1955,2224,8.44075e-07,Safe
1956,2004,8.44075e-07,Safe
1957,1932,8.44075e-07,Safe
1958,4038,4.22037e-07,Safe
1959,4036,4.22037e-07,Safe
1960,3991,4.22037e-07,Safe
1961,3855,4.22037e-07,Safe
1962,3530,4.22037e-07,Safe
1963,2652,4.22037e-07,Safe
1964,2504,4.22037e-07,Safe
1965,2434,4.22037e-07,Safe
1966,2297,4.22037e-07,Safe
1967,1977,4.22037e-07,Safe
1968,3432,4.22037e-07,Safe
1969,3431,4.22037e-07,Safe
1970,3401,4.22037e-07,Safe
1971,3372,4.22037e-07,Safe
1972,3370,4.22037e-07,Safe
1973,3369,4.22037e-07,Safe
1974,3321,4.22037e-07,Safe
1975,3271,4.22037e-07,Safe
1976,3251,4.22037e-07,Safe
1977,3242,4.22037e-07,Safe
1978,3230,4.22037e-07,Safe
1979,3221,4.22037e-07,Safe
1980,3190,4.22037e-07,Safe
1981,3177,4.22037e-07,Safe
1982,3120,4.22037e-07,Safe
1983,3087,4.22037e-07,Safe
1984,2991,4.22037e-07,Safe
1985,2990,4.22037e-07,Safe
1986,2955,4.22037e-07,Safe
1987,2902,4.22037e-07,Safe
1988,2900,4.22037e-07,Safe
1989,2825,4.22037e-07,Safe
1990,3111,4.22037e-07,Safe
1991,2707,4.22037e-07,Safe
1992,2582,4.22037e-07,Safe
1993,2294,4.22037e-07,Safe
1994,2151,4.22037e-07,Safe
1995,2010,4.22037e-07,Safe
1996,1916,4.22037e-07,Safe
1997,3385,4.22037e-07,Safe
1998,3205,4.22037e-07,Safe
1999,3165,4.22037e-07,Safe
2000,2964,4.22037e-07,Safe
2001,2597,4.22037e-07,Safe
2002,2542,4.22037e-07,Safe
2003,2501,4.22037e-07,Safe
2004,2496,4.22037e-07,Safe
2005,2338,4.22037e-07,Safe
2006,2328,4.22037e-07,Safe
2007,2125,4.22037e-07,Safe
2008,2087,4.22037e-07,Safe
2009,3289,4.22037e-07,Safe
2010,3011,4.22037e-07,Safe
2011,3410,4.22037e-07,Safe
2012,3412,4.22037e-07,Safe
2013,3366,4.22037e-07,Safe
2014,3304,4.22037e-07,Safe
2015,3019,4.22037e-07,Safe
2016,3001,4.22037e-07,Safe
2017,2962,4.22037e-07,Safe
2018,2775,4.22037e-07,Safe
2019,3540,4.22037e-07,Safe
2020,3248,4.22037e-07,Safe
2021,2968,4.22037e-07,Safe
2022,2822,4.22037e-07,Safe
2023,3626,4.22037e-07,Safe
2024,865,4.22037e-07,Safe
2025,858,4.22037e-07,Safe
2026,2643,4.22037e-07,Safe
2027,2640,4.22037e-07,Safe
2028,2617,4.22037e-07,Safe
2029,2589,4.22037e-07,Safe
2030,2547,4.22037e-07,Safe
2031,2511,4.22037e-07,Safe
2032,2475,4.22037e-07,Safe
2033,2471,4.22037e-07,Safe
2034,2451,4.22037e-07,Safe
2035,2436,4.22037e-07,Safe
2036,2398,4.22037e-07,Safe
2037,2384,4.22037e-07,Safe
2038,2364,4.22037e-07,Safe
2039,2337,4.22037e-07,Safe
2040,2319,4.22037e-07,Safe
2041,2289,4.22037e-07,Safe
2042,2283,4.22037e-07,Safe
2043,2247,4.22037e-07,Safe
2044,2225,4.22037e-07,Safe
2045,2223,4.22037e-07,Safe
2046,2203,4.22037e-07,Safe
2047,2183,4.22037e-07,Safe
2048,2174,4.22037e-07,Safe
2049,2171,4.22037e-07,Safe
2050,2157,4.22037e-07,Safe
2051,2143,4.22037e-07,Safe
2052,2138,4.22037e-07,Safe
2053,2128,4.22037e-07,Safe
2054,2081,4.22037e-07,Safe
2055,1998,4.22037e-07,Safe
2056,1976,4.22037e-07,Safe
2057,1973,4.22037e-07,Safe
2058,2885,4.22037e-07,Safe
2059,2838,4.22037e-07,Safe
2060,4037,0,Safe
2061,4035,0,Safe
2062,4034,0,Safe
2063,4033,0,Safe
2064,4032,0,Safe
2065,4030,0,Safe
2066,4029,0,Safe
2067,4028,0,Safe
2068,4027,0,Safe
2069,4026,0,Safe
2070,4025,0,Safe
2071,4024,0,Safe
2072,4023,0,Safe
2073,4022,0,Safe
2074,4021,0,Safe
2075,4020,0,Safe
2076,4019,0,Safe
2077,4018,0,Safe
2078,4017,0,Safe
2079,4016,0,Safe
2080,4015,0,Safe
2081,4014,0,Safe
2082,4013,0,Safe
2083,4012,0,Safe
2084,4010,0,Safe
2085,4009,0,Safe
2086,4008,0,Safe
2087,4007,0,Safe
2088,4006,0,Safe
2089,4005,0,Safe
2090,4004,0,Safe
2091,4003,0,Safe
2092,4002,0,Safe
2093,4001,0,Safe
2094,4000,0,Safe
2095,3999,0,Safe
2096,3998,0,Safe
2097,3997,0,Safe
2098,3996,0,Safe
2099,3995,0,Safe
2100,3994,0,Safe
2101,3993,0,Safe
2102,3992,0,Safe
2103,3990,0,Safe
2104,3988,0,Safe
2105,3987,0,Safe
2106,3986,0,Safe
2107,3985,0,Safe
2108,3984,0,Safe
2109,3983,0,Safe
2110,3982,0,Safe
2111,3981,0,Safe
2112,3979,0,Safe
2113,3978,0,Safe
2114,3977,0,Safe
2115,3976,0,Safe
2116,3975,0,Safe
2117,3974,0,Safe
2118,3973,0,Safe
2119,3972,0,Safe
2120,3971,0,Safe
2121,3970,0,Safe
2122,3969,0,Safe
2123,3968,0,Safe
2124,3967,0,Safe
2125,3966,0,Safe
2126,3965,0,Safe
2127,3964,0,Safe
2128,3963,0,Safe
2129,3960,0,Safe
2130,3959,0,Safe
2131,3958,0,Safe
2132,3957,0,Safe
2133,3956,0,Safe
2134,3955,0,Safe
2135,3953,0,Safe
2136,3952,0,Safe
2137,3951,0,Safe
2138,3950,0,Safe
2139,3949,0,Safe
2140,3947,0,Safe
2141,3946,0,Safe
2142,3945,0,Safe
2143,3944,0,Safe
2144,3942,0,Safe
2145,3941,0,Safe
2146,3940,0,Safe
2147,3939,0,Safe
2148,3938,0,Safe
2149,3937,0,Safe
2150,3936,0,Safe
2151,3935,0,Safe
2152,3934,0,Safe
2153,3933,0,Safe
2154,3932,0,Safe
2155,3931,0,Safe
2156,3930,0,Safe
2157,3929,0,Safe
2158,3928,0,Safe
2159,3927,0,Safe
2160,3926,0,Safe
2161,3925,0,Safe
2162,3924,0,Safe
2163,3923,0,Safe
2164,3922,0,Safe
2165,3921,0,Safe
2166,3920,0,Safe
2167,3919,0,Safe
2168,3918,0,Safe
2169,3917,0,Safe
2170,3916,0,Safe
2171,3915,0,Safe
2172,3914,0,Safe
2173,3913,0,Safe
2174,3912,0,Safe
2175,3911,0,Safe
2176,3910,0,Safe
2177,3909,0,Safe
2178,3908,0,Safe
2179,3907,0,Safe
2180,3906,0,Safe
2181,3905,0,Safe
2182,3903,0,Safe
2183,3902,0,Safe
2184,3901,0,Safe
2185,3900,0,Safe
2186,3899,0,Safe
2187,3898,0,Safe
2188,3897,0,Safe
2189,3896,0,Safe
2190,3895,0,Safe
2191,3894,0,Safe
2192,3893,0,Safe
2193,3892,0,Safe
2194,3891,0,Safe
2195,3890,0,Safe
2196,3889,0,Safe
2197,3888,0,Safe
2198,3887,0,Safe
2199,3885,0,Safe
2200,3884,0,Safe
2201,3883,0,Safe
2202,3882,0,Safe
2203,3881,0,Safe
2204,3880,0,Safe
2205,3879,0,Safe
2206,3878,0,Safe
2207,3876,0,Safe
2208,3875,0,Safe
2209,3874,0,Safe
2210,3873,0,Safe
2211,3871,0,Safe
2212,3870,0,Safe
2213,3869,0,Safe
2214,3868,0,Safe
2215,3867,0,Safe
2216,3866,0,Safe
2217,3865,0,Safe
2218,3864,0,Safe
2219,3863,0,Safe
2220,3862,0,Safe
2221,3860,0,Safe
2222,3859,0,Safe
2223,3858,0,Safe
2224,3857,0,Safe
2225,3856,0,Safe
2226,3854,0,Safe
2227,3853,0,Safe
2228,3852,0,Safe
2229,3850,0,Safe
2230,3849,0,Safe
2231,3848,0,Safe
2232,3847,0,Safe
2233,3846,0,Safe
2234,3845,0,Safe
2235,3844,0,Safe
2236,3843,0,Safe
2237,3842,0,Safe
2238,3841,0,Safe
2239,3840,0,Safe
2240,3839,0,Safe
2241,3838,0,Safe
2242,3837,0,Safe
2243,3836,0,Safe
2244,3835,0,Safe
2245,3834,0,Safe
2246,3833,0,Safe
2247,3832,0,Safe
2248,3831,0,Safe
2249,3829,0,Safe
2250,3828,0,Safe
2251,3827,0,Safe
2252,3826,0,Safe
2253,3825,0,Safe
2254,3824,0,Safe
2255,3823,0,Safe
2256,3822,0,Safe
2257,3821,0,Safe
2258,3820,0,Safe
2259,3819,0,Safe
2260,3818,0,Safe
2261,3817,0,Safe
2262,3816,0,Safe
2263,3815,0,Safe
2264,3814,0,Safe
2265,3813,0,Safe
2266,3812,0,Safe
2267,3811,0,Safe
2268,3810,0,Safe
2269,3809,0,Safe
2270,3808,0,Safe
2271,3807,0,Safe
2272,3806,0,Safe
2273,3805,0,Safe
2274,3804,0,Safe
2275,3803,0,Safe
2276,3802,0,Safe
2277,3801,0,Safe
2278,3800,0,Safe
2279,3799,0,Safe
2280,3798,0,Safe
2281,3796,0,Safe
2282,3795,0,Safe
2283,3794,0,Safe
2284,3793,0,Safe
2285,3792,0,Safe
2286,3791,0,Safe
2287,3790,0,Safe
2288,3789,0,Safe
2289,3788,0,Safe
2290,3787,0,Safe
2291,3786,0,Safe
2292,3785,0,Safe
2293,3784,0,Safe
2294,3783,0,Safe
2295,3782,0,Safe
2296,3781,0,Safe
2297,3780,0,Safe
2298,3778,0,Safe
2299,3777,0,Safe
2300,3776,0,Safe
2301,3775,0,Safe
2302,3774,0,Safe
2303,3773,0,Safe
2304,3772,0,Safe
2305,3771,0,Safe
2306,3770,0,Safe
2307,3769,0,Safe
2308,3768,0,Safe
2309,3767,0,Safe
2310,3766,0,Safe
2311,3765,0,Safe
2312,3764,0,Safe
2313,3763,0,Safe
2314,3762,0,Safe
2315,3761,0,Safe
2316,3760,0,Safe
2317,3759,0,Safe
2318,3758,0,Safe
2319,3757,0,Safe
2320,3755,0,Safe
2321,3754,0,Safe
2322,3753,0,Safe
2323,3752,0,Safe
2324,3751,0,Safe
2325,3749,0,Safe
2326,3748,0,Safe
2327,3747,0,Safe
2328,3746,0,Safe
2329,3745,0,Safe
2330,3744,0,Safe
2331,3743,0,Safe
2332,3742,0,Safe
2333,3740,0,Safe
2334,3739,0,Safe
2335,3738,0,Safe
2336,3737,0,Safe
2337,3736,0,Safe
2338,3735,0,Safe
2339,3734,0,Safe
2340,3733,0,Safe
2341,3732,0,Safe
2342,3731,0,Safe
2343,3730,0,Safe
2344,3729,0,Safe
2345,3728,0,Safe
2346,3727,0,Safe
2347,3726,0,Safe
2348,3725,0,Safe
2349,3724,0,Safe
2350,3722,0,Safe
2351,3720,0,Safe
2352,3719,0,Safe
2353,3718,0,Safe
2354,3717,0,Safe
2355,3716,0,Safe
2356,3715,0,Safe
2357,3714,0,Safe
2358,3713,0,Safe
2359,3712,0,Safe
2360,3711,0,Safe
2361,3710,0,Safe
2362,3709,0,Safe
2363,3708,0,Safe
2364,3707,0,Safe
2365,3706,0,Safe
2366,3705,0,Safe
2367,3704,0,Safe
2368,3703,0,Safe
2369,3702,0,Safe
2370,3701,0,Safe
2371,3700,0,Safe
2372,3699,0,Safe
2373,3698,0,Safe
2374,3697,0,Safe
2375,3696,0,Safe
2376,3695,0,Safe
2377,3694,0,Safe
2378,3693,0,Safe
2379,3691,0,Safe
2380,3690,0,Safe
2381,3689,0,Safe
2382,3688,0,Safe
2383,3687,0,Safe
2384,3686,0,Safe
2385,3685,0,Safe
2386,3683,0,Safe
2387,3682,0,Safe
2388,3681,0,Safe
2389,3680,0,Safe
2390,3679,0,Safe
2391,3678,0,Safe
2392,3676,0,Safe
2393,3675,0,Safe
2394,3673,0,Safe
2395,3672,0,Safe
2396,3671,0,Safe
2397,3670,0,Safe
2398,3669,0,Safe
2399,3668,0,Safe
2400,3667,0,Safe
2401,3666,0,Safe
2402,3665,0,Safe
2403,3664,0,Safe
2404,3663,0,Safe
2405,3662,0,Safe
2406,3661,0,Safe
2407,3660,0,Safe
2408,3659,0,Safe
2409,3658,0,Safe
2410,3657,0,Safe
2411,3656,0,Safe
2412,3655,0,Safe
2413,3654,0,Safe
2414,3653,0,Safe
2415,3652,0,Safe
2416,3650,0,Safe
2417,3649,0,Safe
2418,3648,0,Safe
2419,3647,0,Safe
2420,3646,0,Safe
2421,3645,0,Safe
2422,3644,0,Safe
2423,3643,0,Safe
2424,3642,0,Safe
2425,3641,0,Safe
2426,3640,0,Safe
2427,3639,0,Safe
2428,3638,0,Safe
2429,3637,0,Safe
2430,3636,0,Safe
2431,3635,0,Safe
2432,3634,0,Safe
2433,3632,0,Safe
2434,3631,0,Safe
2435,3630,0,Safe
2436,3629,0,Safe
2437,3628,0,Safe
2438,3627,0,Safe
2439,3625,0,Safe
2440,3624,0,Safe
2441,3623,0,Safe
2442,3622,0,Safe
2443,3620,0,Safe
2444,3619,0,Safe
2445,3618,0,Safe
2446,3617,0,Safe
2447,3616,0,Safe
2448,3615,0,Safe
2449,3614,0,Safe
2450,3613,0,Safe
2451,3612,0,Safe
2452,3611,0,Safe
2453,3610,0,Safe
2454,3608,0,Safe
2455,3607,0,Safe
2456,3606,0,Safe
2457,3605,0,Safe
2458,3604,0,Safe
2459,3603,0,Safe
2460,3602,0,Safe
2461,3601,0,Safe
2462,3600,0,Safe
2463,3599,0,Safe
2464,3598,0,Safe
2465,3597,0,Safe
2466,3596,0,Safe
2467,3595,0,Safe
2468,3594,0,Safe
2469,3593,0,Safe
2470,3591,0,Safe
2471,3590,0,Safe
2472,3589,0,Safe
2473,3588,0,Safe
2474,3587,0,Safe
2475,3585,0,Safe
2476,3584,0,Safe
2477,3583,0,Safe
2478,3582,0,Safe
2479,3581,0,Safe
2480,3580,0,Safe
2481,3579,0,Safe
2482,3578,0,Safe
2483,3576,0,Safe
2484,3575,0,Safe
2485,3574,0,Safe
2486,3573,0,Safe
2487,3572,0,Safe
2488,3571,0,Safe
2489,3570,0,Safe
2490,3569,0,Safe
2491,3568,0,Safe
2492,3567,0,Safe
2493,3566,0,Safe
2494,3565,0,Safe
2495,3564,0,Safe
2496,3563,0,Safe
2497,3562,0,Safe
2498,3560,0,Safe
2499,3559,0,Safe
2500,3558,0,Safe
2501,3557,0,Safe
2502,3555,0,Safe
2503,3554,0,Safe
2504,3553,0,Safe
2505,3552,0,Safe
2506,3551,0,Safe
2507,3549,0,Safe
2508,3548,0,Safe
2509,3547,0,Safe
2510,3546,0,Safe
2511,3545,0,Safe
2512,3544,0,Safe
2513,3543,0,Safe
2514,3542,0,Safe
2515,3541,0,Safe
2516,3539,0,Safe
2517,3538,0,Safe
2518,3537,0,Safe
2519,3536,0,Safe
2520,3535,0,Safe
2521,3534,0,Safe
2522,3533,0,Safe
2523,3532,0,Safe
2524,3531,0,Safe
2525,3529,0,Safe
2526,3528,0,Safe
2527,3527,0,Safe
2528,3526,0,Safe
2529,3524,0,Safe
2530,3523,0,Safe
2531,3522,0,Safe
2532,3521,0,Safe
2533,3520,0,Safe
2534,3519,0,Safe
2535,3518,0,Safe
2536,3516,0,Safe
2537,3515,0,Safe
2538,3514,0,Safe
2539,3513,0,Safe
2540,3512,0,Safe
2541,3511,0,Safe
2542,3510,0,Safe
2543,3509,0,Safe
2544,3508,0,Safe
2545,3507,0,Safe
2546,3506,0,Safe
2547,3505,0,Safe
2548,3503,0,Safe
2549,3502,0,Safe
2550,3500,0,Safe
2551,3499,0,Safe
2552,3498,0,Safe
2553,3497,0,Safe
2554,3496,0,Safe
2555,3494,0,Safe
2556,3493,0,Safe
2557,3492,0,Safe
2558,3491,0,Safe
2559,3490,0,Safe
2560,3489,0,Safe
2561,3488,0,Safe
2562,3486,0,Safe
2563,3485,0,Safe
2564,3484,0,Safe
2565,3483,0,Safe
2566,3482,0,Safe
2567,3481,0,Safe
2568,3480,0,Safe
2569,3479,0,Safe
2570,3478,0,Safe
2571,3477,0,Safe
2572,3476,0,Safe
2573,3475,0,Safe
2574,3474,0,Safe
2575,3473,0,Safe
2576,3472,0,Safe
2577,3471,0,Safe
2578,3470,0,Safe
2579,3469,0,Safe
2580,3468,0,Safe
2581,3467,0,Safe
2582,3466,0,Safe
2583,3465,0,Safe
2584,3464,0,Safe
2585,3463,0,Safe
2586,3462,0,Safe
2587,3461,0,Safe
2588,3460,0,Safe
2589,3459,0,Safe
2590,3458,0,Safe
2591,3457,0,Safe
2592,3455,0,Safe
2593,3453,0,Safe
2594,3452,0,Safe
2595,3451,0,Safe
2596,3450,0,Safe
2597,3449,0,Safe
2598,3448,0,Safe
2599,3447,0,Safe
2600,3446,0,Safe
2601,3445,0,Safe
2602,3444,0,Safe
2603,3443,0,Safe
2604,3442,0,Safe
2605,3441,0,Safe
2606,3439,0,Safe
2607,3438,0,Safe
2608,2659,0,Safe
2609,2658,0,Safe
2610,2657,0,Safe
2611,2656,0,Safe
2612,2655,0,Safe
2613,2654,0,Safe
2614,2651,0,Safe
2615,2650,0,Safe
2616,2648,0,Safe
2617,2646,0,Safe
2618,2645,0,Safe
2619,2644,0,Safe
2620,2641,0,Safe
2621,2639,0,Safe
2622,2638,0,Safe
2623,2637,0,Safe
2624,2634,0,Safe
2625,2633,0,Safe
2626,2632,0,Safe
2627,2631,0,Safe
2628,2630,0,Safe
2629,2628,0,Safe
2630,2627,0,Safe
2631,2626,0,Safe
2632,2625,0,Safe
2633,2624,0,Safe
2634,2623,0,Safe
2635,2622,0,Safe
2636,2621,0,Safe
2637,2620,0,Safe
2638,2619,0,Safe
2639,2618,0,Safe
2640,2615,0,Safe
2641,2614,0,Safe
2642,2613,0,Safe
2643,2612,0,Safe
2644,2611,0,Safe
2645,2610,0,Safe
2646,2607,0,Safe
2647,2606,0,Safe
2648,2604,0,Safe
2649,2603,0,Safe
2650,2602,0,Safe
2651,2601,0,Safe
2652,2600,0,Safe
2653,2599,0,Safe
2654,2596,0,Safe
2655,2595,0,Safe
2656,2593,0,Safe
2657,2591,0,Safe
2658,2590,0,Safe
2659,2587,0,Safe
2660,2586,0,Safe
2661,2585,0,Safe
2662,2584,0,Safe
2663,2581,0,Safe
2664,2580,0,Safe
2665,2579,0,Safe
2666,2578,0,Safe
2667,2577,0,Safe
2668,2576,0,Safe
2669,2575,0,Safe
2670,2574,0,Safe
2671,2573,0,Safe
2672,2572,0,Safe
2673,2570,0,Safe
2674,2569,0,Safe
2675,2568,0,Safe
2676,2566,0,Safe
2677,2565,0,Safe
2678,2564,0,Safe
2679,2563,0,Safe
2680,2562,0,Safe
2681,2561,0,Safe
2682,2560,0,Safe
2683,2559,0,Safe
2684,2558,0,Safe
2685,2557,0,Safe
2686,2556,0,Safe
2687,2554,0,Safe
2688,2553,0,Safe
2689,2552,0,Safe
2690,2551,0,Safe
2691,2550,0,Safe
2692,2549,0,Safe
2693,2548,0,Safe
2694,2546,0,Safe
2695,2545,0,Safe
2696,2541,0,Safe
2697,2540,0,Safe
2698,2539,0,Safe
2699,2537,0,Safe
2700,2536,0,Safe
2701,2535,0,Safe
2702,2534,0,Safe
2703,2532,0,Safe
2704,2531,0,Safe
2705,2528,0,Safe
2706,2527,0,Safe
2707,2526,0,Safe
2708,2525,0,Safe
2709,2524,0,Safe
2710,2523,0,Safe
2711,2522,0,Safe
2712,2521,0,Safe
2713,2520,0,Safe
2714,2518,0,Safe
2715,2517,0,Safe
2716,2515,0,Safe
2717,2514,0,Safe
2718,2513,0,Safe
2719,2507,0,Safe
2720,2506,0,Safe
2721,2505,0,Safe
2722,2503,0,Safe
2723,2500,0,Safe
2724,2499,0,Safe
2725,2497,0,Safe
2726,2495,0,Safe
2727,2493,0,Safe
2728,2492,0,Safe
2729,2490,0,Safe
2730,2489,0,Safe
2731,2488,0,Safe
2732,2487,0,Safe
2733,2486,0,Safe
2734,2485,0,Safe
2735,2484,0,Safe
2736,2483,0,Safe
2737,2482,0,Safe
2738,2481,0,Safe
2739,2480,0,Safe
2740,2479,0,Safe
2741,2478,0,Safe
2742,2477,0,Safe
2743,2476,0,Safe
2744,2474,0,Safe
2745,2473,0,Safe
2746,2470,0,Safe
2747,2469,0,Safe
2748,2467,0,Safe
2749,2466,0,Safe
2750,2464,0,Safe
2751,2462,0,Safe
2752,2460,0,Safe
2753,2457,0,Safe
2754,2456,0,Safe
2755,2455,0,Safe
2756,2454,0,Safe
2757,2453,0,Safe
2758,2452,0,Safe
2759,2450,0,Safe
2760,2449,0,Safe
2761,2448,0,Safe
2762,2446,0,Safe
2763,2444,0,Safe
2764,2443,0,Safe
2765,2442,0,Safe
2766,2441,0,Safe
2767,2440,0,Safe
2768,2439,0,Safe
2769,2438,0,Safe
2770,2437,0,Safe
2771,2435,0,Safe
2772,2433,0,Safe
2773,2432,0,Safe
2774,2431,0,Safe
2775,2430,0,Safe
2776,2429,0,Safe
2777,2428,0,Safe
2778,2427,0,Safe
2779,2426,0,Safe
2780,2425,0,Safe
2781,2424,0,Safe
2782,2423,0,Safe
2783,2422,0,Safe
2784,2421,0,Safe
2785,2418,0,Safe
2786,2416,0,Safe
2787,2415,0,Safe
2788,2414,0,Safe
2789,2412,0,Safe
2790,2411,0,Safe
2791,2410,0,Safe
2792,2409,0,Safe
2793,2408,0,Safe
2794,2407,0,Safe
2795,2406,0,Safe
2796,2405,0,Safe
2797,2404,0,Safe
2798,2403,0,Safe
2799,2402,0,Safe
2800,2401,0,Safe
2801,2400,0,Safe
2802,2397,0,Safe
2803,2396,0,Safe
2804,2395,0,Safe
2805,2393,0,Safe
2806,2392,0,Safe
2807,2391,0,Safe
2808,2390,0,Safe
2809,2388,0,Safe
2810,2387,0,Safe
2811,2386,0,Safe
2812,2383,0,Safe
2813,2382,0,Safe
2814,2381,0,Safe
2815,2380,0,Safe
2816,2379,0,Safe
2817,2376,0,Safe
2818,2375,0,Safe
2819,2374,0,Safe
2820,2373,0,Safe
2821,2371,0,Safe
2822,2370,0,Safe
2823,2369,0,Safe
2824,2367,0,Safe
2825,2366,0,Safe
2826,2365,0,Safe
2827,2363,0,Safe
2828,2362,0,Safe
2829,2361,0,Safe
2830,2360,0,Safe
2831,2359,0,Safe
2832,2358,0,Safe
2833,2357,0,Safe
2834,2356,0,Safe
2835,2354,0,Safe
2836,2353,0,Safe
2837,2352,0,Safe
2838,2350,0,Safe
2839,2349,0,Safe
2840,2348,0,Safe
2841,2346,0,Safe
2842,2345,0,Safe
2843,2342,0,Safe
2844,2341,0,Safe
2845,2340,0,Safe
2846,2339,0,Safe
2847,2335,0,Safe
2848,2334,0,Safe
2849,2331,0,Safe
2850,2329,0,Safe
2851,2326,0,Safe
2852,2324,0,Safe
2853,2323,0,Safe
2854,2322,0,Safe
2855,2321,0,Safe
2856,2320,0,Safe
2857,2318,0,Safe
2858,2317,0,Safe
2859,2316,0,Safe
2860,2314,0,Safe
2861,2313,0,Safe
2862,2312,0,Safe
2863,2311,0,Safe
2864,2310,0,Safe
2865,2309,0,Safe
2866,2308,0,Safe
2867,2307,0,Safe
2868,2306,0,Safe
2869,2305,0,Safe
2870,2304,0,Safe
2871,2303,0,Safe
2872,2301,0,Safe
2873,2300,0,Safe
2874,2299,0,Safe
2875,2296,0,Safe
2876,2291,0,Safe
2877,2290,0,Safe
2878,2288,0,Safe
2879,2287,0,Safe
2880,2286,0,Safe
2881,2281,0,Safe
2882,2280,0,Safe
2883,2278,0,Safe
2884,2277,0,Safe
2885,2276,0,Safe
2886,2275,0,Safe
2887,2274,0,Safe
2888,2272,0,Safe
2889,2271,0,Safe
2890,2270,0,Safe
2891,2269,0,Safe
2892,2265,0,Safe
2893,2263,0,Safe
2894,2262,0,Safe
2895,2261,0,Safe
2896,2260,0,Safe
2897,2259,0,Safe
2898,2258,0,Safe
2899,2257,0,Safe
2900,2256,0,Safe
2901,2255,0,Safe
2902,2253,0,Safe
2903,2252,0,Safe
2904,2251,0,Safe
2905,2249,0,Safe
2906,2248,0,Safe
2907,2245,0,Safe
2908,2244,0,Safe
2909,2243,0,Safe
2910,2242,0,Safe
2911,2240,0,Safe
2912,2238,0,Safe
2913,2237,0,Safe
2914,2236,0,Safe
2915,2235,0,Safe
2916,2234,0,Safe
2917,2233,0,Safe
2918,2232,0,Safe
2919,2231,0,Safe
2920,2230,0,Safe
2921,2229,0,Safe
2922,2228,0,Safe
2923,2227,0,Safe
2924,2226,0,Safe
2925,2222,0,Safe
2926,2221,0,Safe
2927,2220,0,Safe
2928,2219,0,Safe
2929,2218,0,Safe
2930,2217,0,Safe
2931,2216,0,Safe
2932,2214,0,Safe
2933,2213,0,Safe
2934,2212,0,Safe
2935,2211,0,Safe
2936,2210,0,Safe
2937,2209,0,Safe
2938,2208,0,Safe
2939,2207,0,Safe
2940,2206,0,Safe
2941,2205,0,Safe
2942,2204,0,Safe
2943,2202,0,Safe
2944,2201,0,Safe
2945,2200,0,Safe
2946,2197,0,Safe
2947,2195,0,Safe
2948,2193,0,Safe
2949,2192,0,Safe
2950,2190,0,Safe
2951,2188,0,Safe
2952,2186,0,Safe
2953,2184,0,Safe
2954,2182,0,Safe
2955,2181,0,Safe
2956,2179,0,Safe
2957,2178,0,Safe
2958,2177,0,Safe
2959,2175,0,Safe
2960,2173,0,Safe
2961,2172,0,Safe
2962,2170,0,Safe
2963,2168,0,Safe
2964,2167,0,Safe
2965,2166,0,Safe
2966,2165,0,Safe
2967,2164,0,Safe
2968,2162,0,Safe
2969,2161,0,Safe
2970,2160,0,Safe
2971,2159,0,Safe
2972,2158,0,Safe
2973,2156,0,Safe
2974,2154,0,Safe
2975,2152,0,Safe
2976,2150,0,Safe
2977,2147,0,Safe
2978,2146,0,Safe
2979,2145,0,Safe
2980,2142,0,Safe
2981,2141,0,Safe
2982,2140,0,Safe
2983,2139,0,Safe
2984,2136,0,Safe
2985,2131,0,Safe
2986,2130,0,Safe
2987,2129,0,Safe
2988,2126,0,Safe
2989,2124,0,Safe
2990,2123,0,Safe
2991,2122,0,Safe
2992,2121,0,Safe
2993,2120,0,Safe
2994,2119,0,Safe
2995,2118,0,Safe
2996,2115,0,Safe
2997,2114,0,Safe
2998,2113,0,Safe
2999,2112,0,Safe
3000,2110,0,Safe
3001,2109,0,Safe
3002,2108,0,Safe
3003,2107,0,Safe
3004,2106,0,Safe
3005,2105,0,Safe
3006,2104,0,Safe
3007,2103,0,Safe
3008,2100,0,Safe
3009,2099,0,Safe
3010,2098,0,Safe
3011,2097,0,Safe
3012,2096,0,Safe
3013,2095,0,Safe
3014,2094,0,Safe
3015,2093,0,Safe
3016,2092,0,Safe
3017,2091,0,Safe
3018,2090,0,Safe
3019,2089,0,Safe
3020,2088,0,Safe
3021,2086,0,Safe
3022,2085,0,Safe
3023,2084,0,Safe
3024,2083,0,Safe
3025,2082,0,Safe
3026,2080,0,Safe
3027,2079,0,Safe
3028,2078,0,Safe
3029,2077,0,Safe
3030,2076,0,Safe
3031,2075,0,Safe
3032,2074,0,Safe
3033,2073,0,Safe
3034,2070,0,Safe
3035,2069,0,Safe
3036,2067,0,Safe
3037,2066,0,Safe
3038,2064,0,Safe
3039,2063,0,Safe
3040,2061,0,Safe
3041,2060,0,Safe
3042,2059,0,Safe
3043,2058,0,Safe
3044,2057,0,Safe
3045,2056,0,Safe
3046,2055,0,Safe
3047,2051,0,Safe
3048,2050,0,Safe
3049,2049,0,Safe
3050,2048,0,Safe
3051,2046,0,Safe
3052,2045,0,Safe
3053,2044,0,Safe
3054,2043,0,Safe
3055,2041,0,Safe
3056,2040,0,Safe
3057,2037,0,Safe
3058,2036,0,Safe
3059,2035,0,Safe
3060,2034,0,Safe
3061,2033,0,Safe
3062,2030,0,Safe
3063,2029,0,Safe
3064,2025,0,Safe
3065,2023,0,Safe
3066,2022,0,Safe
3067,2021,0,Safe
3068,2020,0,Safe
3069,2019,0,Safe
3070,2017,0,Safe
3071,2016,0,Safe
3072,2015,0,Safe
3073,2014,0,Safe
3074,2013,0,Safe
3075,2012,0,Safe
3076,2011,0,Safe
3077,2008,0,Safe
3078,2006,0,Safe
3079,2005,0,Safe
3080,2000,0,Safe
3081,1999,0,Safe
3082,1997,0,Safe
3083,1996,0,Safe
3084,1993,0,Safe
3085,1992,0,Safe
3086,1990,0,Safe
3087,1989,0,Safe
3088,1988,0,Safe
3089,1987,0,Safe
3090,1986,0,Safe
3091,1985,0,Safe
3092,1984,0,Safe
3093,1983,0,Safe
3094,1982,0,Safe
3095,1981,0,Safe
3096,1980,0,Safe
3097,1979,0,Safe
3098,1978,0,Safe
3099,1975,0,Safe
3100,1974,0,Safe
3101,1971,0,Safe
3102,1970,0,Safe
3103,1969,0,Safe
3104,1968,0,Safe
3105,1966,0,Safe
3106,1965,0,Safe
3107,1964,0,Safe
3108,1963,0,Safe
3109,1962,0,Safe
3110,1961,0,Safe
3111,1960,0,Safe
3112,1958,0,Safe
3113,1957,0,Safe
3114,1956,0,Safe
3115,1953,0,Safe
3116,1952,0,Safe
3117,1950,0,Safe
3118,1949,0,Safe
3119,1946,0,Safe
3120,1944,0,Safe
3121,1943,0,Safe
3122,1942,0,Safe
3123,1938,0,Safe
3124,1937,0,Safe
3125,1936,0,Safe
3126,1935,0,Safe
3127,1934,0,Safe
3128,1933,0,Safe
3129,1931,0,Safe
3130,1930,0,Safe
3131,1929,0,Safe
3132,1928,0,Safe
3133,1927,0,Safe
3134,1925,0,Safe
3135,1924,0,Safe
3136,1923,0,Safe
3137,1922,0,Safe
3138,1921,0,Safe
3139,1919,0,Safe
3140,1918,0,Safe
3141,1917,0,Safe
3142,1915,0,Safe
3143,1914,0,Safe
3144,2330,0,Safe
3145,2325,0,Safe
3146,2185,0,Safe
3147,2155,0,Safe
3148,2031,0,Safe
3149,2003,0,Safe
3150,3436,0,Safe
3151,3435,0,Safe
3152,3434,0,Safe
3153,3433,0,Safe
3154,3430,0,Safe
3155,3429,0,Safe
3156,3428,0,Safe
3157,3427,0,Safe
3158,3426,0,Safe
3159,3425,0,Safe
3160,3424,0,Safe
3161,3423,0,Safe
3162,3422,0,Safe
3163,3421,0,Safe
3164,3419,0,Safe
3165,3418,0,Safe
3166,3417,0,Safe
3167,3416,0,Safe
3168,3415,0,Safe
3169,3414,0,Safe
3170,3413,0,Safe
3171,3411,0,Safe
3172,3408,0,Safe
3173,3407,0,Safe
3174,3405,0,Safe
3175,3403,0,Safe
3176,3402,0,Safe
3177,3400,0,Safe
3178,3399,0,Safe
3179,3398,0,Safe
3180,3397,0,Safe
3181,3395,0,Safe
3182,3394,0,Safe
3183,3393,0,Safe
3184,3392,0,Safe
3185,3391,0,Safe
3186,3390,0,Safe
3187,3389,0,Safe
3188,3388,0,Safe
3189,3387,0,Safe
3190,3384,0,Safe
3191,3383,0,Safe
3192,3382,0,Safe
3193,3381,0,Safe
3194,3380,0,Safe
3195,3379,0,Safe
3196,3378,0,Safe
3197,3377,0,Safe
3198,3376,0,Safe
3199,3375,0,Safe
3200,3374,0,Safe
3201,3373,0,Safe
3202,3371,0,Safe
3203,3368,0,Safe
3204,3367,0,Safe
3205,3365,0,Safe
3206,3364,0,Safe
3207,3363,0,Safe
3208,3362,0,Safe
3209,3360,0,Safe
3210,3359,0,Safe
3211,3358,0,Safe
3212,3357,0,Safe
3213,3356,0,Safe
3214,3354,0,Safe
3215,3353,0,Safe
3216,3352,0,Safe
3217,3351,0,Safe
3218,3350,0,Safe
3219,3349,0,Safe
3220,3348,0,Safe
3221,3347,0,Safe
3222,3346,0,Safe
3223,3345,0,Safe
3224,3344,0,Safe
3225,3343,0,Safe
3226,3342,0,Safe
3227,3341,0,Safe
3228,3340,0,Safe
3229,3339,0,Safe
3230,3338,0,Safe
3231,3337,0,Safe
3232,3336,0,Safe
3233,3335,0,Safe
3234,3334,0,Safe
3235,3333,0,Safe
3236,3332,0,Safe
3237,3330,0,Safe
3238,3329,0,Safe
3239,3327,0,Safe
3240,3326,0,Safe
3241,3325,0,Safe
3242,3324,0,Safe
3243,3323,0,Safe
3244,3322,0,Safe
3245,3320,0,Safe
3246,3318,0,Safe
3247,3317,0,Safe
3248,3316,0,Safe
3249,3315,0,Safe
3250,3314,0,Safe
3251,3313,0,Safe
3252,3312,0,Safe
3253,3311,0,Safe
3254,3310,0,Safe
3255,3309,0,Safe
3256,3308,0,Safe
3257,3307,0,Safe
3258,3306,0,Safe
3259,3305,0,Safe
3260,3303,0,Safe
3261,3302,0,Safe
3262,3301,0,Safe
3263,3300,0,Safe
3264,3299,0,Safe
3265,3298,0,Safe
3266,3297,0,Safe
3267,3296,0,Safe
3268,3294,0,Safe
3269,3293,0,Safe
3270,3292,0,Safe
3271,3291,0,Safe
3272,3288,0,Safe
3273,3287,0,Safe
3274,3286,0,Safe
3275,3285,0,Safe
3276,3284,0,Safe
3277,3283,0,Safe
3278,3282,0,Safe
3279,3281,0,Safe
3280,3280,0,Safe
3281,3279,0,Safe
3282,3277,0,Safe
3283,3276,0,Safe
3284,3275,0,Safe
3285,3274,0,Safe
3286,3273,0,Safe
3287,3272,0,Safe
3288,3270,0,Safe
3289,3269,0,Safe
3290,3268,0,Safe
3291,3267,0,Safe
3292,3266,0,Safe
3293,3264,0,Safe
3294,3262,0,Safe
3295,3261,0,Safe
3296,3260,0,Safe
3297,3259,0,Safe
3298,3257,0,Safe
3299,3256,0,Safe
3300,3255,0,Safe
3301,3254,0,Safe
3302,3253,0,Safe
3303,3252,0,Safe
3304,3250,0,Safe
3305,3249,0,Safe
3306,3247,0,Safe
3307,3246,0,Safe
3308,3244,0,Safe
3309,3243,0,Safe
3310,3241,0,Safe
3311,3240,0,Safe
3312,3239,0,Safe
3313,3238,0,Safe
3314,3237,0,Safe
3315,3236,0,Safe
3316,3235,0,Safe
3317,3234,0,Safe
3318,3232,0,Safe
3319,3231,0,Safe
3320,3229,0,Safe
3321,3228,0,Safe
3322,3227,0,Safe
3323,3226,0,Safe
3324,3225,0,Safe
3325,3224,0,Safe
3326,3223,0,Safe
3327,3220,0,Safe
3328,3219,0,Safe
3329,3218,0,Safe
3330,3217,0,Safe
3331,3216,0,Safe
3332,3215,0,Safe
3333,3214,0,Safe
3334,3213,0,Safe
3335,3212,0,Safe
3336,3211,0,Safe
3337,3210,0,Safe
3338,3209,0,Safe
3339,3208,0,Safe
3340,3207,0,Safe
3341,3206,0,Safe
3342,3204,0,Safe
3343,3203,0,Safe
3344,3202,0,Safe
3345,3200,0,Safe
3346,3199,0,Safe
3347,3198,0,Safe
3348,3197,0,Safe
3349,3196,0,Safe
3350,3195,0,Safe
3351,3194,0,Safe
3352,3193,0,Safe
3353,3192,0,Safe
3354,3191,0,Safe
3355,3189,0,Safe
3356,3188,0,Safe
3357,3187,0,Safe
3358,3185,0,Safe
3359,3184,0,Safe
3360,3183,0,Safe
3361,3182,0,Safe
3362,3181,0,Safe
3363,3180,0,Safe
3364,3176,0,Safe
3365,3175,0,Safe
3366,3174,0,Safe
3367,3172,0,Safe
3368,3171,0,Safe
3369,3170,0,Safe
3370,3169,0,Safe
3371,3167,0,Safe
3372,3166,0,Safe
3373,3163,0,Safe
3374,3161,0,Safe
3375,3160,0,Safe
3376,3159,0,Safe
3377,3158,0,Safe
3378,3157,0,Safe
3379,3156,0,Safe
3380,3155,0,Safe
3381,3154,0,Safe
3382,3153,0,Safe
3383,3152,0,Safe
3384,3151,0,Safe
3385,3150,0,Safe
3386,3149,0,Safe
3387,3148,0,Safe
3388,3147,0,Safe
3389,3146,0,Safe
3390,3145,0,Safe
3391,3144,0,Safe
3392,3143,0,Safe
3393,3142,0,Safe
3394,3141,0,Safe
3395,3140,0,Safe
3396,3139,0,Safe
3397,3138,0,Safe
3398,3137,0,Safe
3399,3135,0,Safe
3400,3134,0,Safe
3401,3133,0,Safe
3402,3132,0,Safe
3403,3131,0,Safe
3404,3130,0,Safe
3405,3129,0,Safe
3406,3128,0,Safe
3407,3127,0,Safe
3408,3126,0,Safe
3409,3125,0,Safe
3410,3124,0,Safe
3411,3123,0,Safe
3412,3122,0,Safe
3413,3121,0,Safe
3414,3119,0,Safe
3415,3118,0,Safe
3416,3117,0,Safe
3417,3116,0,Safe
3418,3115,0,Safe
3419,3114,0,Safe
3420,3113,0,Safe
3421,3112,0,Safe
3422,3110,0,Safe
3423,3109,0,Safe
3424,3108,0,Safe
3425,3107,0,Safe
3426,3106,0,Safe
3427,3105,0,Safe
3428,3104,0,Safe
3429,3103,0,Safe
3430,3102,0,Safe
3431,3099,0,Safe
3432,3098,0,Safe
3433,3096,0,Safe
3434,3095,0,Safe
3435,3094,0,Safe
3436,3093,0,Safe
3437,3092,0,Safe
3438,3091,0,Safe
3439,3090,0,Safe
3440,3089,0,Safe
3441,3088,0,Safe
3442,3086,0,Safe
3443,3085,0,Safe
3444,3084,0,Safe
3445,3083,0,Safe
3446,3082,0,Safe
3447,3081,0,Safe
3448,3080,0,Safe
3449,3078,0,Safe
3450,3077,0,Safe
3451,3076,0,Safe
3452,3075,0,Safe
3453,3074,0,Safe
3454,3073,0,Safe
3455,3072,0,Safe
3456,3071,0,Safe
3457,3070,0,Safe
3458,3069,0,Safe
3459,3068,0,Safe
3460,3067,0,Safe
3461,3066,0,Safe
3462,3065,0,Safe
3463,3064,0,Safe
3464,3063,0,Safe
3465,3061,0,Safe
3466,3060,0,Safe
3467,3059,0,Safe
3468,3058,0,Safe
3469,3056,0,Safe
3470,3055,0,Safe
3471,3054,0,Safe
3472,3053,0,Safe
3473,3052,0,Safe
3474,3051,0,Safe
3475,3050,0,Safe
3476,3049,0,Safe
3477,3048,0,Safe
3478,3047,0,Safe
3479,3046,0,Safe
3480,3045,0,Safe
3481,3044,0,Safe
3482,3043,0,Safe
3483,3042,0,Safe
3484,3041,0,Safe
3485,3040,0,Safe
3486,3039,0,Safe
3487,3038,0,Safe
3488,3037,0,Safe
3489,3036,0,Safe
3490,3035,0,Safe
3491,3033,0,Safe
3492,3032,0,Safe
3493,3031,0,Safe
3494,3030,0,Safe
3495,3029,0,Safe
3496,3028,0,Safe
3497,3027,0,Safe
3498,3026,0,Safe
3499,3025,0,Safe
3500,3024,0,Safe
3501,3023,0,Safe
3502,3022,0,Safe
3503,3021,0,Safe
3504,3018,0,Safe
3505,3017,0,Safe
3506,3016,0,Safe
3507,3015,0,Safe
3508,3014,0,Safe
3509,3013,0,Safe
3510,3012,0,Safe
3511,3010,0,Safe
3512,3009,0,Safe
3513,3008,0,Safe
3514,3007,0,Safe
3515,3006,0,Safe
3516,3004,0,Safe
3517,3002,0,Safe
3518,3000,0,Safe
3519,2998,0,Safe
3520,2997,0,Safe
3521,2996,0,Safe
3522,2995,0,Safe
3523,2994,0,Safe
3524,2993,0,Safe
3525,2992,0,Safe
3526,2989,0,Safe
3527,2988,0,Safe
3528,2987,0,Safe
3529,2986,0,Safe
3530,2985,0,Safe
3531,2984,0,Safe
3532,2983,0,Safe
3533,2982,0,Safe
3534,2981,0,Safe
3535,2980,0,Safe
3536,2978,0,Safe
3537,2977,0,Safe
3538,2975,0,Safe
3539,2974,0,Safe
3540,2973,0,Safe
3541,2972,0,Safe
3542,2970,0,Safe
3543,2969,0,Safe
3544,2967,0,Safe
3545,2966,0,Safe
3546,2965,0,Safe
3547,2963,0,Safe
3548,2961,0,Safe
3549,2960,0,Safe
3550,2959,0,Safe
3551,2958,0,Safe
3552,2957,0,Safe
3553,2956,0,Safe
3554,2954,0,Safe
3555,2953,0,Safe
3556,2952,0,Safe
3557,2951,0,Safe
3558,2950,0,Safe
3559,2949,0,Safe
3560,2948,0,Safe
3561,2947,0,Safe
3562,2946,0,Safe
3563,2945,0,Safe
3564,2944,0,Safe
3565,2943,0,Safe
3566,2942,0,Safe
3567,2940,0,Safe
3568,2939,0,Safe
3569,2937,0,Safe
3570,2936,0,Safe
3571,2935,0,Safe
3572,2934,0,Safe
3573,2933,0,Safe
3574,2932,0,Safe
3575,2931,0,Safe
3576,2930,0,Safe
3577,2929,0,Safe
3578,2928,0,Safe
3579,2927,0,Safe
3580,2926,0,Safe
3581,2925,0,Safe
3582,2924,0,Safe
3583,2923,0,Safe
3584,2922,0,Safe
3585,2921,0,Safe
3586,2920,0,Safe
3587,2919,0,Safe
3588,2918,0,Safe
3589,2917,0,Safe
3590,2916,0,Safe
3591,2915,0,Safe
3592,2914,0,Safe
3593,2913,0,Safe
3594,2912,0,Safe
3595,2911,0,Safe
3596,2910,0,Safe
3597,2909,0,Safe
3598,2908,0,Safe
3599,2907,0,Safe
3600,2906,0,Safe
3601,2905,0,Safe
3602,2904,0,Safe
3603,2901,0,Safe
3604,2899,0,Safe
3605,2898,0,Safe
3606,2897,0,Safe
3607,2896,0,Safe
3608,2895,0,Safe
3609,2894,0,Safe
3610,2893,0,Safe
3611,2891,0,Safe
3612,2890,0,Safe
3613,2889,0,Safe
3614,2888,0,Safe
3615,2887,0,Safe
3616,2886,0,Safe
3617,2884,0,Safe
3618,2882,0,Safe
3619,2881,0,Safe
3620,2880,0,Safe
3621,2879,0,Safe
3622,2878,0,Safe
3623,2877,0,Safe
3624,2876,0,Safe
3625,2875,0,Safe
3626,2874,0,Safe
3627,2873,0,Safe
3628,2872,0,Safe
3629,2871,0,Safe
3630,2870,0,Safe
3631,2868,0,Safe
3632,2867,0,Safe
3633,2866,0,Safe
3634,2865,0,Safe
3635,2864,0,Safe
3636,2863,0,Safe
3637,2862,0,Safe
3638,2861,0,Safe
3639,2860,0,Safe
3640,2859,0,Safe
3641,2858,0,Safe
3642,2857,0,Safe
3643,2856,0,Safe
3644,2855,0,Safe
3645,2854,0,Safe
3646,2853,0,Safe
3647,2852,0,Safe
3648,2851,0,Safe
3649,2850,0,Safe
3650,2849,0,Safe
3651,2848,0,Safe
3652,2847,0,Safe
3653,2846,0,Safe
3654,2845,0,Safe
3655,2844,0,Safe
3656,2843,0,Safe
3657,2842,0,Safe
3658,2841,0,Safe
3659,2840,0,Safe
3660,2839,0,Safe
3661,2837,0,Safe
3662,2836,0,Safe
3663,2835,0,Safe
3664,2834,0,Safe
3665,2833,0,Safe
3666,2832,0,Safe
3667,2831,0,Safe
3668,2830,0,Safe
3669,2829,0,Safe
3670,2828,0,Safe
3671,2827,0,Safe
3672,2824,0,Safe
3673,2823,0,Safe
3674,2821,0,Safe
3675,2820,0,Safe
3676,2819,0,Safe
3677,2818,0,Safe
3678,2817,0,Safe
3679,2816,0,Safe
3680,2815,0,Safe
3681,2812,0,Safe
3682,2811,0,Safe
3683,2810,0,Safe
3684,2809,0,Safe
3685,2808,0,Safe
3686,2807,0,Safe
3687,2806,0,Safe
3688,2805,0,Safe
3689,2804,0,Safe
3690,2803,0,Safe
3691,2802,0,Safe
3692,2801,0,Safe
3693,2800,0,Safe
3694,2799,0,Safe
3695,2798,0,Safe
3696,2797,0,Safe
3697,2796,0,Safe
3698,2795,0,Safe
3699,2794,0,Safe
3700,2793,0,Safe
3701,2792,0,Safe
3702,2791,0,Safe
3703,2790,0,Safe
3704,2789,0,Safe
3705,2788,0,Safe
3706,2787,0,Safe
3707,2786,0,Safe
3708,2785,0,Safe
3709,2784,0,Safe
3710,2783,0,Safe
3711,2782,0,Safe
3712,2781,0,Safe
3713,2780,0,Safe
3714,2779,0,Safe
3715,2778,0,Safe
3716,2777,0,Safe
3717,2776,0,Safe
3718,2774,0,Safe
3719,2773,0,Safe
3720,2772,0,Safe
3721,2771,0,Safe
3722,2770,0,Safe
3723,2769,0,Safe
3724,2768,0,Safe
3725,2767,0,Safe
3726,2766,0,Safe
3727,2765,0,Safe
3728,2763,0,Safe
3729,2762,0,Safe
3730,2761,0,Safe
3731,2759,0,Safe
3732,2758,0,Safe
3733,2757,0,Safe
3734,2756,0,Safe
3735,2755,0,Safe
3736,2754,0,Safe
3737,2753,0,Safe
3738,2751,0,Safe
3739,2750,0,Safe
3740,2749,0,Safe
3741,2748,0,Safe
3742,2747,0,Safe
3743,2746,0,Safe
3744,2745,0,Safe
3745,2743,0,Safe
3746,2742,0,Safe
3747,2741,0,Safe
3748,2739,0,Safe
3749,2738,0,Safe
3750,2737,0,Safe
3751,2736,0,Safe
3752,2735,0,Safe
3753,2733,0,Safe
3754,2732,0,Safe
3755,2731,0,Safe
3756,2730,0,Safe
3757,2729,0,Safe
3758,2728,0,Safe
3759,2727,0,Safe
3760,2726,0,Safe
3761,2723,0,Safe
3762,2722,0,Safe
3763,2721,0,Safe
3764,2720,0,Safe
3765,2719,0,Safe
3766,2718,0,Safe
3767,2717,0,Safe
3768,2716,0,Safe
3769,2715,0,Safe
3770,2714,0,Safe
3771,2713,0,Safe
3772,2712,0,Safe
3773,2711,0,Safe
3774,2710,0,Safe
3775,2709,0,Safe
3776,2708,0,Safe
3777,2706,0,Safe
3778,2705,0,Safe
3779,2703,0,Safe
3780,2702,0,Safe
3781,2701,0,Safe
3782,2700,0,Safe
3783,2699,0,Safe
3784,2698,0,Safe
3785,2697,0,Safe
3786,2696,0,Safe
3787,2695,0,Safe
3788,2694,0,Safe
3789,2692,0,Safe
3790,2691,0,Safe
3791,2690,0,Safe
3792,2689,0,Safe
3793,2688,0,Safe
3794,2687,0,Safe
3795,2686,0,Safe
3796,2685,0,Safe
3797,2684,0,Safe
3798,2683,0,Safe
3799,2682,0,Safe
3800,2681,0,Safe
3801,2680,0,Safe
3802,2679,0,Safe
3803,2676,0,Safe
3804,2675,0,Safe
3805,2674,0,Safe
3806,2673,0,Safe
3807,2672,0,Safe
3808,2671,0,Safe
3809,2670,0,Safe
3810,2669,0,Safe
3811,2668,0,Safe
3812,2667,0,Safe
3813,2666,0,Safe
3814,2665,0,Safe
3815,2664,0,Safe
3816,2663,0,Safe
3817,2662,0,Safe
3818,2661,0,Safe
3819,3186,0,Safe
3820,3097,0,Safe
3821,3355,0,Safe
3822,3201,0,Safe
3823,2999,0,Safe
3824,2938,0,Safe
3825,2903,0,Safe
3826,2609,0,Safe
3827,2605,0,Safe
3828,2594,0,Safe
3829,2588,0,Safe
3830,2544,0,Safe
3831,2468,0,Safe
3832,2465,0,Safe
3833,2419,0,Safe
3834,2413,0,Safe
3835,2394,0,Safe
3836,2389,0,Safe
3837,2377,0,Safe
3838,2355,0,Safe
3839,2344,0,Safe
3840,2343,0,Safe
3841,2298,0,Safe
3842,2295,0,Safe
3843,2273,0,Safe
3844,2246,0,Safe
3845,2241,0,Safe
3846,2215,0,Safe
3847,2176,0,Safe
3848,2163,0,Safe
3849,2144,0,Safe
3850,2137,0,Safe
3851,2101,0,Safe
3852,2062,0,Safe
3853,2052,0,Safe
3854,2026,0,Safe
3855,2002,0,Safe
3856,1994,0,Safe
3857,1954,0,Safe
3858,1947,0,Safe
3859,1940,0,Safe
3860,1913,0,Safe
3861,3265,0,Safe
3862,3409,0,Safe
3863,3386,0,Safe
3864,3258,0,Safe
3865,3079,0,Safe
3866,3062,0,Safe
3867,2734,0,Safe
3868,2725,0,Safe
3869,2642,0,Safe
3870,2608,0,Safe
3871,2592,0,Safe
3872,2567,0,Safe
3873,2530,0,Safe
3874,2516,0,Safe
3875,2509,0,Safe
3876,2420,0,Safe
3877,2399,0,Safe
3878,2385,0,Safe
3879,2372,0,Safe
3880,2351,0,Safe
3881,2347,0,Safe
3882,2333,0,Safe
3883,2332,0,Safe
3884,2315,0,Safe
3885,2293,0,Safe
3886,2285,0,Safe
3887,2282,0,Safe
3888,2266,0,Safe
3889,2239,0,Safe
3890,2198,0,Safe
3891,2196,0,Safe
3892,2194,0,Safe
3893,2191,0,Safe
3894,2169,0,Safe
3895,2149,0,Safe
3896,2148,0,Safe
3897,2134,0,Safe
3898,2132,0,Safe
3899,2065,0,Safe
3900,2053,0,Safe
3901,2047,0,Safe
3902,2028,0,Safe
3903,1959,0,Safe
3904,1948,0,Safe
3905,1941,0,Safe
3906,1920,0,Safe
3907,3420,0,Safe
3908,3178,0,Safe
3909,3034,0,Safe
3910,2971,0,Safe
3911,3406,0,Safe
3912,3404,0,Safe
3913,3331,0,Safe
3914,3295,0,Safe
3915,3233,0,Safe
3916,3168,0,Safe
3917,3162,0,Safe
3918,2892,0,Safe
3919,2869,0,Safe
3920,2752,0,Safe
3921,2724,0,Safe
3922,3943,0,Safe
3923,3886,0,Safe
3924,3877,0,Safe
3925,3851,0,Safe
3926,3830,0,Safe
3927,3756,0,Safe
3928,3750,0,Safe
3929,3741,0,Safe
3930,3692,0,Safe
3931,3674,0,Safe
3932,3651,0,Safe
3933,3561,0,Safe
3934,3556,0,Safe
3935,3525,0,Safe
3936,3440,0,Safe
3937,3361,0,Safe
3938,3328,0,Safe
3939,3164,0,Safe
3940,3136,0,Safe
3941,3005,0,Safe
3942,2760,0,Safe
3943,3948,0,Safe
3944,3872,0,Safe
3945,3779,0,Safe
3946,3721,0,Safe
3947,3684,0,Safe
3948,3677,0,Safe
3949,3633,0,Safe
3950,3609,0,Safe
3951,3592,0,Safe
3952,3577,0,Safe
3953,3550,0,Safe
3954,3517,0,Safe
3955,3501,0,Safe
3956,3797,0,Safe
3957,3621,0,Safe
3958,3586,0,Safe
3959,3495,0,Safe
3960,3456,0,Safe
3961,894,0,Safe
3962,892,0,Safe
3963,891,0,Safe
3964,881,0,Safe
3965,879,0,Safe
3966,875,0,Safe
3967,871,0,Safe
3968,870,0,Safe
3969,860,0,Safe
3970,857,0,Safe
3971,2740,0,Safe
3972,2660,0,Safe
3973,2653,0,Safe
3974,2649,0,Safe
3975,2647,0,Safe
3976,2636,0,Safe
3977,2635,0,Safe
3978,2598,0,Safe
3979,2583,0,Safe
3980,2571,0,Safe
3981,2543,0,Safe
3982,2538,0,Safe
3983,2529,0,Safe
3984,2510,0,Safe
3985,2508,0,Safe
3986,2502,0,Safe
3987,2498,0,Safe
3988,2494,0,Safe
3989,2491,0,Safe
3990,2472,0,Safe
3991,2463,0,Safe
3992,2459,0,Safe
3993,2458,0,Safe
3994,2447,0,Safe
3995,2445,0,Safe
3996,2417,0,Safe
3997,2378,0,Safe
3998,2327,0,Safe
3999,2302,0,Safe
4000,2292,0,Safe
4001,2284,0,Safe
4002,2279,0,Safe
4003,2268,0,Safe
4004,2267,0,Safe
4005,2264,0,Safe
4006,2254,0,Safe
4007,2250,0,Safe
4008,2199,0,Safe
4009,2189,0,Safe
4010,2187,0,Safe
4011,2153,0,Safe
4012,2135,0,Safe
4013,2133,0,Safe
4014,2127,0,Safe
4015,2117,0,Safe
4016,2116,0,Safe
4017,2111,0,Safe
4018,2102,0,Safe
4019,2072,0,Safe
4020,2071,0,Safe
4021,2068,0,Safe
4022,2054,0,Safe
4023,2042,0,Safe
4024,2039,0,Safe
4025,2038,0,Safe
4026,2027,0,Safe
4027,2024,0,Safe
4028,2018,0,Safe
4029,2009,0,Safe
4030,2007,0,Safe
4031,2001,0,Safe
4032,1995,0,Safe
4033,1991,0,Safe
4034,1972,0,Safe
4035,1955,0,Safe
4036,1951,0,Safe
4037,1945,0,Safe
4038,1939,0,Safe
4039,1926,0,Safe
